%,%,,,id,rmsId,Date,dcenergy,lpd,prthrs,,,
94,71,1,1,,136,2020-12-25,18.3535,56781,7.3414,,,134
90,67,4,1,,136,2020-12-26,16.5825,51302,6.633,,,
98,78,5,1,,136,2020-12-27,21.021,65034,8.4084,,,
98,94,4,1,,136,2020-12-28,22.5,69609,9,,,
76,52,3,1,,136,2020-12-29,10.868,33623,4.3472,,,
83,0,0,0,,136,2020-12-30,0,0,0,,,
79,30,2,1,,136,2020-12-31,6.5175,20164,2.607,,,
47,43,1,1,,136,2021-01-01,5.55775,17194,2.2231,,,
48,34,3,1,,136,2021-01-02,4.488,13885,1.7952,,,
69,70,2,1,,136,2021-01-03,13.2825,41093,5.313,,,
57,0,0,0,,136,2021-01-04,0,0,0,,,
54,0,0,0,,136,2021-01-05,0,0,0,,,
45,78,3,1,,136,2021-01-06,9.6525,29862,3.861,,,
82,0,0,0,,136,2021-01-07,0,0,0,,,
44,0,0,0,,136,2021-01-08,0,0,0,,,
77,77,5,1,,136,2021-01-09,16.30475,50443,6.5219,,,
54,0,0,0,,136,2021-01-10,0,0,0,,,
54,91,4,1,,136,2021-01-11,13.5135,41807,5.4054,,,
55,94,4,1,,136,2021-01-12,14.2175,43985,5.687,,,
86,0,0,0,,136,2021-01-13,0,0,0,,,
52,77,1,1,,136,2021-01-14,11.011,34065,4.4044,,,
86,32,5,1,,136,2021-01-15,7.568,23414,3.0272,,,
68,71,3,1,,136,2021-01-16,13.277,41076,5.3108,,,
71,61,5,1,,136,2021-01-17,11.91025,36847,4.7641,,,
64,0,0,0,,136,2021-01-18,0,0,0,,,
72,44,3,1,,136,2021-01-19,8.712,26953,3.4848,,,
83,61,2,1,,136,2021-01-20,13.92325,43075,5.5693,,,
92,64,3,1,,136,2021-01-21,16.192,50094,6.4768,,,
95,0,0,0,,136,2021-01-22,0,0,0,,,
64,0,0,0,,136,2021-01-23,0,0,0,,,
77,79,2,1,,136,2021-01-24,16.72825,51753,6.6913,,,
47,71,5,1,,136,2021-01-25,9.17675,28391,3.6707,,,
49,54,1,1,,136,2021-01-26,7.2765,22512,2.9106,,,
53,50,3,1,,136,2021-01-27,7.2875,22546,2.915,,,
83,92,5,1,,136,2021-01-28,20.999,64966,8.3996,,,
62,87,2,1,,136,2021-01-29,14.8335,45891,5.9334,,,
86,62,3,1,,136,2021-01-30,14.663,45364,5.8652,,,
49,69,5,1,,136,2021-01-31,9.29775,28765,3.7191,,,
54,0,0,0,,136,2021-02-01,0,0,0,,,
53,89,2,1,,136,2021-02-02,12.97175,40131,5.1887,,,
45,66,3,1,,136,2021-02-03,8.1675,25268,3.267,,,
57,89,3,1,,136,2021-02-04,13.95075,43160,5.5803,,,
74,67,2,1,,136,2021-02-05,13.6345,42182,5.4538,,,
69,0,0,0,,136,2021-02-06,0,0,0,,,
40,39,2,1,,136,2021-02-07,4.29,13272,1.716,,,
88,45,3,1,,136,2021-02-08,10.89,33691,4.356,,,
69,60,2,1,,136,2021-02-09,11.385,35222,4.554,,,
84,36,1,1,,136,2021-02-10,8.316,25728,3.3264,,,
86,75,3,1,,136,2021-02-11,17.7375,54875,7.095,,,
92,0,0,0,,136,2021-02-12,0,0,0,,,
97,51,5,1,,136,2021-02-13,13.60425,42088,5.4417,,,
69,79,3,1,,136,2021-02-14,14.99025,46376,5.9961,,,
96,86,1,1,,136,2021-02-15,22.5,69609,9,,,
82,90,4,1,,136,2021-02-16,20.295,62788,8.118,,,
97,69,1,1,,136,2021-02-17,18.40575,56943,7.3623,,,
45,50,5,1,,136,2021-02-18,6.1875,19143,2.475,,,
63,79,3,1,,136,2021-02-19,13.68675,42343,5.4747,,,
96,62,3,1,,136,2021-02-20,16.368,50639,6.5472,,,
48,28,1,1,,136,2021-02-21,3.696,11435,1.4784,,,
83,35,5,1,,136,2021-02-22,7.98875,24715,3.1955,,,
82,49,5,1,,136,2021-02-23,11.0495,34184,4.4198,,,
54,0,0,0,,136,2021-02-24,0,0,0,,,
67,92,5,1,,136,2021-02-25,16.951,52442,6.7804,,,
76,0,0,0,,136,2021-02-26,0,0,0,,,
63,0,0,0,,136,2021-02-27,0,0,0,,,
92,79,2,1,,136,2021-02-28,19.987,61835,7.9948,,,
59,66,5,1,,136,2021-03-01,10.7085,33129,4.2834,,,
58,0,0,0,,136,2021-03-02,0,0,0,,,
95,0,0,0,,136,2021-03-03,0,0,0,,,
45,82,2,1,,136,2021-03-04,10.1475,31394,4.059,,,
86,67,2,1,,136,2021-03-05,15.8455,49022,6.3382,,,
98,58,5,1,,136,2021-03-06,15.631,48358,6.2524,,,
76,55,2,1,,136,2021-03-07,11.495,35563,4.598,,,
69,58,4,1,,136,2021-03-08,11.0055,34048,4.4022,,,
82,0,0,0,,136,2021-03-09,0,0,0,,,
98,47,4,1,,136,2021-03-10,12.6665,39187,5.0666,,,
92,0,0,0,,136,2021-03-11,0,0,0,,,
84,72,2,1,,136,2021-03-12,16.632,51455,6.6528,,,
56,25,4,1,,136,2021-03-13,3.85,11911,1.54,,,
49,0,0,0,,136,2021-03-14,0,0,0,,,
84,32,3,1,,136,2021-03-15,7.392,22869,2.9568,,,
88,0,0,0,,136,2021-03-16,0,0,0,,,
87,53,2,1,,136,2021-03-17,12.68025,39230,5.0721,,,
62,46,1,1,,136,2021-03-18,7.843,24264,3.1372,,,
98,63,4,1,,136,2021-03-19,16.9785,52527,6.7914,,,
50,71,3,1,,136,2021-03-20,9.7625,30203,3.905,,,
77,81,2,1,,136,2021-03-21,17.15175,53063,6.8607,,,
65,36,5,1,,136,2021-03-22,6.435,19908,2.574,,,
92,38,2,1,,136,2021-03-23,9.614,29743,3.8456,,,
89,54,4,1,,136,2021-03-24,13.2165,40889,5.2866,,,
80,33,2,1,,137,2020-12-25,7.26,22461,2.904,,,
84,36,4,1,,137,2020-12-26,8.316,25728,3.3264,,,
66,51,1,1,,137,2020-12-27,9.2565,28637,3.7026,,,
73,43,2,1,,137,2020-12-28,8.63225,26706,3.4529,,,
87,75,3,1,,137,2020-12-29,17.94375,55513,7.1775,,,
48,82,3,1,,137,2020-12-30,10.824,33487,4.3296,,,
40,83,1,1,,137,2020-12-31,9.13,28246,3.652,,,
49,0,0,0,,137,2021-01-01,0,0,0,,,
87,80,5,1,,137,2021-01-02,19.14,59214,7.656,,,
70,37,2,1,,137,2021-01-03,7.1225,22035,2.849,,,
66,87,5,1,,137,2021-01-04,15.7905,48852,6.3162,,,
40,64,5,1,,137,2021-01-05,7.04,21780,2.816,,,
51,0,0,0,,137,2021-01-06,0,0,0,,,
84,67,3,1,,137,2021-01-07,15.477,47882,6.1908,,,
49,92,3,1,,137,2021-01-08,12.397,38353,4.9588,,,
83,27,5,1,,137,2021-01-09,6.16275,19066,2.4651,,,
72,43,1,1,,137,2021-01-10,8.514,26340,3.4056,,,
78,0,0,0,,137,2021-01-11,0,0,0,,,
65,90,1,1,,137,2021-01-12,16.0875,49771,6.435,,,
68,55,5,1,,137,2021-01-13,10.285,31819,4.114,,,
93,34,2,1,,137,2021-01-14,8.6955,26902,3.4782,,,
69,94,1,1,,137,2021-01-15,17.8365,55182,7.1346,,,
68,86,2,1,,137,2021-01-16,16.082,49754,6.4328,,,
40,52,4,1,,137,2021-01-17,5.72,17696,2.288,,,
73,40,2,1,,137,2021-01-18,8.03,24843,3.212,,,
46,95,2,1,,137,2021-01-19,12.0175,37179,4.807,,,
97,63,5,1,,137,2021-01-20,16.80525,51991,6.7221,,,
65,61,5,1,,137,2021-01-21,10.90375,33733,4.3615,,,
64,63,1,1,,137,2021-01-22,11.088,34304,4.4352,,,
96,49,5,1,,137,2021-01-23,12.936,40021,5.1744,,,
71,40,2,1,,137,2021-01-24,7.81,24162,3.124,,,
44,47,5,1,,137,2021-01-25,5.687,17594,2.2748,,,
69,0,0,0,,137,2021-01-26,0,0,0,,,
75,51,5,1,,137,2021-01-27,10.51875,32542,4.2075,,,
52,81,1,1,,137,2021-01-28,11.583,35835,4.6332,,,
58,0,0,0,,137,2021-01-29,0,0,0,,,
50,35,3,1,,137,2021-01-30,4.8125,14889,1.925,,,
97,0,0,0,,137,2021-01-31,0,0,0,,,
45,62,2,1,,137,2021-02-01,7.6725,23737,3.069,,,
87,36,2,1,,137,2021-02-02,8.613,26646,3.4452,,,
76,94,4,1,,137,2021-02-03,19.646,60780,7.8584,,,
62,90,3,1,,137,2021-02-04,15.345,47474,6.138,,,
51,47,4,1,,137,2021-02-05,6.59175,20393,2.6367,,,
57,60,3,1,,137,2021-02-06,9.405,29097,3.762,,,
50,31,4,1,,137,2021-02-07,4.2625,13187,1.705,,,
62,77,2,1,,137,2021-02-08,13.1285,40616,5.2514,,,
82,0,0,0,,137,2021-02-09,0,0,0,,,
84,57,1,1,,137,2021-02-10,13.167,40735,5.2668,,,
43,0,0,0,,137,2021-02-11,0,0,0,,,
52,0,0,0,,137,2021-02-12,0,0,0,,,
40,59,1,1,,137,2021-02-13,6.49,20078,2.596,,,
95,0,0,0,,137,2021-02-14,0,0,0,,,
44,30,5,1,,137,2021-02-15,3.63,11230,1.452,,,
91,49,1,1,,137,2021-02-16,12.26225,37936,4.9049,,,
44,75,4,1,,137,2021-02-17,9.075,28076,3.63,,,
72,60,1,1,,137,2021-02-18,11.88,36754,4.752,,,
82,62,4,1,,137,2021-02-19,13.981,43254,5.5924,,,
88,0,0,0,,137,2021-02-20,0,0,0,,,
46,83,3,1,,137,2021-02-21,10.4995,32483,4.1998,,,
94,0,0,0,,137,2021-02-22,0,0,0,,,
97,0,0,0,,137,2021-02-23,0,0,0,,,
94,37,4,1,,137,2021-02-24,9.5645,29590,3.8258,,,
61,26,1,1,,137,2021-02-25,4.3615,13493,1.7446,,,
60,45,1,1,,137,2021-02-26,7.425,22971,2.97,,,
48,29,1,1,,137,2021-02-27,3.828,11843,1.5312,,,
97,49,4,1,,137,2021-02-28,13.07075,40438,5.2283,,,
56,91,4,1,,137,2021-03-01,14.014,43356,5.6056,,,
82,81,1,1,,137,2021-03-02,18.2655,56509,7.3062,,,
77,29,2,1,,137,2021-03-03,6.14075,18998,2.4563,,,
67,41,2,1,,137,2021-03-04,7.55425,23371,3.0217,,,
62,0,0,0,,137,2021-03-05,0,0,0,,,
62,84,3,1,,137,2021-03-06,14.322,44309,5.7288,,,
93,0,0,0,,137,2021-03-07,0,0,0,,,
56,59,3,1,,137,2021-03-08,9.086,28110,3.6344,,,
72,93,5,1,,137,2021-03-09,18.414,56968,7.3656,,,
66,0,0,0,,137,2021-03-10,0,0,0,,,
78,81,5,1,,137,2021-03-11,17.3745,53752,6.9498,,,
87,71,5,1,,137,2021-03-12,16.98675,52553,6.7947,,,
52,74,2,1,,137,2021-03-13,10.582,32738,4.2328,,,
45,0,0,0,,137,2021-03-14,0,0,0,,,
54,77,2,1,,137,2021-03-15,11.4345,35375,4.5738,,,
72,34,5,1,,137,2021-03-16,6.732,20827,2.6928,,,
64,0,0,0,,137,2021-03-17,0,0,0,,,
83,55,2,1,,137,2021-03-18,12.55375,38838,5.0215,,,
66,0,0,0,,137,2021-03-19,0,0,0,,,
52,0,0,0,,137,2021-03-20,0,0,0,,,
87,0,0,0,,137,2021-03-21,0,0,0,,,
49,88,2,1,,137,2021-03-22,11.858,36686,4.7432,,,
55,52,4,1,,137,2021-03-23,7.865,24332,3.146,,,
48,68,2,1,,137,2021-03-24,8.976,27770,3.5904,,,
76,0,0,0,,138,2020-12-25,0,0,0,,,
88,50,4,1,,138,2020-12-26,12.1,37434,4.84,,,
71,77,1,1,,138,2020-12-27,15.03425,46512,6.0137,,,
59,61,1,1,,138,2020-12-28,9.89725,30620,3.9589,,,
93,0,0,0,,138,2020-12-29,0,0,0,,,
67,34,2,1,,138,2020-12-30,6.2645,19381,2.5058,,,
46,65,3,1,,138,2020-12-31,8.2225,25438,3.289,,,
88,41,1,1,,138,2021-01-01,9.922,30696,3.9688,,,
88,0,0,0,,138,2021-01-02,0,0,0,,,
75,65,5,1,,138,2021-01-03,13.40625,41476,5.3625,,,
65,54,5,1,,138,2021-01-04,9.6525,29862,3.861,,,
85,0,0,0,,138,2021-01-05,0,0,0,,,
55,0,0,0,,138,2021-01-06,0,0,0,,,
49,0,0,0,,138,2021-01-07,0,0,0,,,
73,0,0,0,,138,2021-01-08,0,0,0,,,
93,31,5,1,,138,2021-01-09,7.92825,24528,3.1713,,,
85,0,0,0,,138,2021-01-10,0,0,0,,,
97,86,1,1,,138,2021-01-11,22.5,69609,9,,,
72,41,5,1,,138,2021-01-12,8.118,25115,3.2472,,,
83,31,5,1,,138,2021-01-13,7.07575,21891,2.8303,,,
83,90,5,1,,138,2021-01-14,20.5425,63553,8.217,,,
47,47,5,1,,138,2021-01-15,6.07475,18794,2.4299,,,
70,0,0,0,,138,2021-01-16,0,0,0,,,
41,43,2,1,,138,2021-01-17,4.84825,14999,1.9393,,,
60,82,3,1,,138,2021-01-18,13.53,41858,5.412,,,
95,52,1,1,,138,2021-01-19,13.585,42029,5.434,,,
66,86,4,1,,138,2021-01-20,15.609,48290,6.2436,,,
51,28,1,1,,138,2021-01-21,3.927,12149,1.5708,,,
66,79,2,1,,138,2021-01-22,14.3385,44360,5.7354,,,
84,32,2,1,,138,2021-01-23,7.392,22869,2.9568,,,
46,53,4,1,,138,2021-01-24,6.7045,20742,2.6818,,,
81,29,1,1,,138,2021-01-25,6.45975,19985,2.5839,,,
92,0,0,0,,138,2021-01-26,0,0,0,,,
44,25,5,1,,138,2021-01-27,3.025,9359,1.21,,,
54,48,4,1,,138,2021-01-28,7.128,22052,2.8512,,,
50,51,1,1,,138,2021-01-29,7.0125,21695,2.805,,,
45,0,0,0,,138,2021-01-30,0,0,0,,,
45,28,2,1,,138,2021-01-31,3.465,10720,1.386,,,
53,61,1,1,,138,2021-02-01,8.89075,27506,3.5563,,,
49,26,1,1,,138,2021-02-02,3.5035,10839,1.4014,,,
76,94,1,1,,138,2021-02-03,19.646,60780,7.8584,,,
54,64,1,1,,138,2021-02-04,9.504,29403,3.8016,,,
92,33,5,1,,138,2021-02-05,8.349,25830,3.3396,,,
51,59,3,1,,138,2021-02-06,8.27475,25600,3.3099,,,
51,65,4,1,,138,2021-02-07,9.11625,28203,3.6465,,,
93,80,3,1,,138,2021-02-08,20.46,63298,8.184,,,
77,47,5,1,,138,2021-02-09,9.95225,30790,3.9809,,,
61,88,1,1,,138,2021-02-10,14.762,45670,5.9048,,,
85,36,4,1,,138,2021-02-11,8.415,26034,3.366,,,
88,0,0,0,,138,2021-02-12,0,0,0,,,
45,0,0,0,,138,2021-02-13,0,0,0,,,
59,61,2,1,,138,2021-02-14,9.89725,30620,3.9589,,,
72,0,0,0,,138,2021-02-15,0,0,0,,,
63,0,0,0,,138,2021-02-16,0,0,0,,,
95,75,4,1,,138,2021-02-17,19.59375,60618,7.8375,,,
56,34,1,1,,138,2021-02-18,5.236,16199,2.0944,,,
75,63,3,1,,138,2021-02-19,12.99375,40199,5.1975,,,
51,58,5,1,,138,2021-02-20,8.1345,25166,3.2538,,,
43,0,0,0,,138,2021-02-21,0,0,0,,,
95,50,3,1,,138,2021-02-22,13.0625,40412,5.225,,,
69,0,0,0,,138,2021-02-23,0,0,0,,,
40,90,5,1,,138,2021-02-24,9.9,30628,3.96,,,
48,80,4,1,,138,2021-02-25,10.56,32670,4.224,,,
51,38,5,1,,138,2021-02-26,5.3295,16488,2.1318,,,
93,0,0,0,,138,2021-02-27,0,0,0,,,
60,47,5,1,,138,2021-02-28,7.755,23992,3.102,,,
93,0,0,0,,138,2021-03-01,0,0,0,,,
82,0,0,0,,138,2021-03-02,0,0,0,,,
44,0,0,0,,138,2021-03-03,0,0,0,,,
57,0,0,0,,138,2021-03-04,0,0,0,,,
69,0,0,0,,138,2021-03-05,0,0,0,,,
94,90,3,1,,138,2021-03-06,22.5,69609,9,,,
94,28,3,1,,138,2021-03-07,7.238,22393,2.8952,,,
50,91,2,1,,138,2021-03-08,12.5125,38711,5.005,,,
47,0,0,0,,138,2021-03-09,0,0,0,,,
70,84,2,1,,138,2021-03-10,16.17,50026,6.468,,,
91,52,1,1,,138,2021-03-11,13.013,40259,5.2052,,,
58,0,0,0,,138,2021-03-12,0,0,0,,,
63,55,1,1,,138,2021-03-13,9.52875,29480,3.8115,,,
78,27,1,1,,138,2021-03-14,5.7915,17917,2.3166,,,
61,82,5,1,,138,2021-03-15,13.7555,42556,5.5022,,,
69,61,3,1,,138,2021-03-16,11.57475,35809,4.6299,,,
78,0,0,0,,138,2021-03-17,0,0,0,,,
53,27,4,1,,138,2021-03-18,3.93525,12175,1.5741,,,
45,73,2,1,,138,2021-03-19,9.03375,27948,3.6135,,,
93,0,0,0,,138,2021-03-20,0,0,0,,,
90,32,5,1,,138,2021-03-21,7.92,24503,3.168,,,
78,0,0,0,,138,2021-03-22,0,0,0,,,
97,67,5,1,,138,2021-03-23,17.87225,55292,7.1489,,,
52,0,0,0,,138,2021-03-24,0,0,0,,,
46,0,0,0,,139,2020-12-25,0,0,0,,,
41,89,4,1,,139,2020-12-26,10.03475,31045,4.0139,,,
90,58,2,1,,139,2020-12-27,14.355,44411,5.742,,,
51,53,2,1,,139,2020-12-28,7.43325,22997,2.9733,,,
55,34,2,1,,139,2020-12-29,5.1425,15910,2.057,,,
44,25,3,1,,139,2020-12-30,3.025,9359,1.21,,,
91,91,3,1,,139,2020-12-31,22.5,69609,9,,,
65,33,2,1,,139,2021-01-01,5.89875,18249,2.3595,,,
76,71,3,1,,139,2021-01-02,14.839,45908,5.9356,,,
74,39,1,1,,139,2021-01-03,7.9365,24554,3.1746,,,
64,53,5,1,,139,2021-01-04,9.328,28859,3.7312,,,
84,25,2,1,,139,2021-01-05,5.775,17866,2.31,,,
89,71,1,1,,139,2021-01-06,17.37725,53761,6.9509,,,
90,70,2,1,,139,2021-01-07,17.325,53599,6.93,,,
56,35,5,1,,139,2021-01-08,5.39,16675,2.156,,,
52,89,5,1,,139,2021-01-09,12.727,39374,5.0908,,,
84,87,3,1,,139,2021-01-10,20.097,62175,8.0388,,,
55,0,0,0,,139,2021-01-11,0,0,0,,,
50,89,4,1,,139,2021-01-12,12.2375,37860,4.895,,,
78,0,0,0,,139,2021-01-13,0,0,0,,,
61,0,0,0,,139,2021-01-14,0,0,0,,,
74,77,1,1,,139,2021-01-15,15.6695,48478,6.2678,,,
69,64,2,1,,139,2021-01-16,12.144,37571,4.8576,,,
64,35,3,1,,139,2021-01-17,6.16,19058,2.464,,,
62,29,5,1,,139,2021-01-18,4.9445,15297,1.9778,,,
72,26,4,1,,139,2021-01-19,5.148,15927,2.0592,,,
97,56,1,1,,139,2021-01-20,14.938,46214,5.9752,,,
53,78,3,1,,139,2021-01-21,11.3685,35171,4.5474,,,
71,41,2,1,,139,2021-01-22,8.00525,24766,3.2021,,,
78,0,0,0,,139,2021-01-23,0,0,0,,,
58,91,4,1,,139,2021-01-24,14.5145,44904,5.8058,,,
55,78,3,1,,139,2021-01-25,11.7975,36499,4.719,,,
89,0,0,0,,139,2021-01-26,0,0,0,,,
74,0,0,0,,139,2021-01-27,0,0,0,,,
56,32,2,1,,139,2021-01-28,4.928,15246,1.9712,,,
60,33,3,1,,139,2021-01-29,5.445,16845,2.178,,,
57,51,1,1,,139,2021-01-30,7.99425,24732,3.1977,,,
50,40,1,1,,139,2021-01-31,5.5,17016,2.2,,,
49,68,1,1,,139,2021-02-01,9.163,28348,3.6652,,,
63,0,0,0,,139,2021-02-02,0,0,0,,,
50,51,5,1,,139,2021-02-03,7.0125,21695,2.805,,,
95,94,5,1,,139,2021-02-04,22.5,69609,9,,,
47,82,3,1,,139,2021-02-05,10.5985,32789,4.2394,,,
51,26,1,1,,139,2021-02-06,3.6465,11281,1.4586,,,
66,56,1,1,,139,2021-02-07,10.164,31445,4.0656,,,
90,58,5,1,,139,2021-02-08,14.355,44411,5.742,,,
86,31,4,1,,139,2021-02-09,7.3315,22682,2.9326,,,
43,0,0,0,,139,2021-02-10,0,0,0,,,
88,26,1,1,,139,2021-02-11,6.292,19466,2.5168,,,
60,50,5,1,,139,2021-02-12,8.25,25523,3.3,,,
66,95,2,1,,139,2021-02-13,17.2425,53344,6.897,,,
41,41,4,1,,139,2021-02-14,4.62275,14302,1.8491,,,
96,71,2,1,,139,2021-02-15,18.744,57989,7.4976,,,
50,0,0,0,,139,2021-02-16,0,0,0,,,
87,71,1,1,,139,2021-02-17,16.98675,52553,6.7947,,,
66,81,2,1,,139,2021-02-18,14.7015,45483,5.8806,,,
83,33,3,1,,139,2021-02-19,7.53225,23303,3.0129,,,
69,49,2,1,,139,2021-02-20,9.29775,28765,3.7191,,,
83,57,1,1,,139,2021-02-21,13.01025,40250,5.2041,,,
53,0,0,0,,139,2021-02-22,0,0,0,,,
83,0,0,0,,139,2021-02-23,0,0,0,,,
63,54,2,1,,139,2021-02-24,9.3555,28944,3.7422,,,
63,0,0,0,,139,2021-02-25,0,0,0,,,
72,69,3,1,,139,2021-02-26,13.662,42267,5.4648,,,
59,30,2,1,,139,2021-02-27,4.8675,15059,1.947,,,
44,51,4,1,,139,2021-02-28,6.171,19092,2.4684,,,
82,81,5,1,,139,2021-03-01,18.2655,56509,7.3062,,,
61,57,2,1,,139,2021-03-02,9.56175,29582,3.8247,,,
41,60,4,1,,139,2021-03-03,6.765,20929,2.706,,,
43,28,3,1,,139,2021-03-04,3.311,10243,1.3244,,,
98,91,2,1,,139,2021-03-05,22.5,69609,9,,,
79,91,5,1,,139,2021-03-06,19.76975,61163,7.9079,,,
96,32,3,1,,139,2021-03-07,8.448,26136,3.3792,,,
87,85,3,1,,139,2021-03-08,20.33625,62915,8.1345,,,
74,0,0,0,,139,2021-03-09,0,0,0,,,
90,28,3,1,,139,2021-03-10,6.93,21440,2.772,,,
47,79,1,1,,139,2021-03-11,10.21075,31590,4.0843,,,
55,60,3,1,,139,2021-03-12,9.075,28076,3.63,,,
66,55,1,1,,139,2021-03-13,9.9825,30883,3.993,,,
56,31,3,1,,139,2021-03-14,4.774,14770,1.9096,,,
68,88,5,1,,139,2021-03-15,16.456,50911,6.5824,,,
69,70,2,1,,139,2021-03-16,13.2825,41093,5.313,,,
81,55,4,1,,139,2021-03-17,12.25125,37902,4.9005,,,
40,0,0,0,,139,2021-03-18,0,0,0,,,
88,93,5,1,,139,2021-03-19,22.5,69609,9,,,
40,0,0,0,,139,2021-03-20,0,0,0,,,
59,64,5,1,,139,2021-03-21,10.384,32126,4.1536,,,
53,0,0,0,,139,2021-03-22,0,0,0,,,
68,44,1,1,,139,2021-03-23,8.228,25455,3.2912,,,
45,0,0,0,,139,2021-03-24,0,0,0,,,
51,66,2,1,,140,2020-12-25,9.2565,28637,3.7026,,,
94,69,2,1,,140,2020-12-26,17.8365,55182,7.1346,,,
88,72,5,1,,140,2020-12-27,17.424,53906,6.9696,,,
57,29,2,1,,140,2020-12-28,4.54575,14063,1.8183,,,
58,0,0,0,,140,2020-12-29,0,0,0,,,
63,85,3,1,,140,2020-12-30,14.72625,45559,5.8905,,,
91,37,5,1,,140,2020-12-31,9.25925,28646,3.7037,,,
55,40,1,1,,140,2021-01-01,6.05,18717,2.42,,,
72,45,4,1,,140,2021-01-02,8.91,27565,3.564,,,
81,0,0,0,,140,2021-01-03,0,0,0,,,
71,32,1,1,,140,2021-01-04,6.248,19330,2.4992,,,
71,87,2,1,,140,2021-01-05,16.98675,52553,6.7947,,,
44,58,5,1,,140,2021-01-06,7.018,21712,2.8072,,,
67,64,3,1,,140,2021-01-07,11.792,36482,4.7168,,,
81,81,5,1,,140,2021-01-08,18.04275,55820,7.2171,,,
68,48,4,1,,140,2021-01-09,8.976,27770,3.5904,,,
90,58,2,1,,140,2021-01-10,14.355,44411,5.742,,,
92,92,4,1,,140,2021-01-11,22.5,69609,9,,,
55,80,5,1,,140,2021-01-12,12.1,37434,4.84,,,
62,27,2,1,,140,2021-01-13,4.6035,14242,1.8414,,,
92,41,3,1,,140,2021-01-14,10.373,32091,4.1492,,,
52,64,1,1,,140,2021-01-15,9.152,28314,3.6608,,,
54,43,3,1,,140,2021-01-16,6.3855,19755,2.5542,,,
77,0,0,0,,140,2021-01-17,0,0,0,,,
82,0,0,0,,140,2021-01-18,0,0,0,,,
62,63,3,1,,140,2021-01-19,10.7415,33232,4.2966,,,
89,0,0,0,,140,2021-01-20,0,0,0,,,
72,41,3,1,,140,2021-01-21,8.118,25115,3.2472,,,
47,34,1,1,,140,2021-01-22,4.3945,13595,1.7578,,,
96,40,3,1,,140,2021-01-23,10.56,32670,4.224,,,
62,0,0,0,,140,2021-01-24,0,0,0,,,
61,48,3,1,,140,2021-01-25,8.052,24911,3.2208,,,
69,47,1,1,,140,2021-01-26,8.91825,27591,3.5673,,,
48,59,1,1,,140,2021-01-27,7.788,24094,3.1152,,,
67,55,1,1,,140,2021-01-28,10.13375,31351,4.0535,,,
64,92,1,1,,140,2021-01-29,16.192,50094,6.4768,,,
91,85,5,1,,140,2021-01-30,21.27125,65808,8.5085,,,
76,26,2,1,,140,2021-01-31,5.434,16811,2.1736,,,
90,90,3,1,,140,2021-02-01,22.275,68913,8.91,,,
49,0,0,0,,140,2021-02-02,0,0,0,,,
58,42,3,1,,140,2021-02-03,6.699,20725,2.6796,,,
81,0,0,0,,140,2021-02-04,0,0,0,,,
69,59,3,1,,140,2021-02-05,11.19525,34635,4.4781,,,
58,80,3,1,,140,2021-02-06,12.76,39476,5.104,,,
53,39,3,1,,140,2021-02-07,5.68425,17586,2.2737,,,
43,0,0,0,,140,2021-02-08,0,0,0,,,
87,39,5,1,,140,2021-02-09,9.33075,28867,3.7323,,,
49,64,4,1,,140,2021-02-10,8.624,26681,3.4496,,,
51,46,3,1,,140,2021-02-11,6.4515,19959,2.5806,,,
62,83,4,1,,140,2021-02-12,14.1515,43781,5.6606,,,
57,56,4,1,,140,2021-02-13,8.778,27157,3.5112,,,
79,34,4,1,,140,2021-02-14,7.3865,22852,2.9546,,,
62,88,2,1,,140,2021-02-15,15.004,46419,6.0016,,,
60,33,5,1,,140,2021-02-16,5.445,16845,2.178,,,
66,0,0,0,,140,2021-02-17,0,0,0,,,
40,41,2,1,,140,2021-02-18,4.51,13953,1.804,,,
65,69,1,1,,140,2021-02-19,12.33375,38158,4.9335,,,
64,36,2,1,,140,2021-02-20,6.336,19602,2.5344,,,
72,54,4,1,,140,2021-02-21,10.692,33078,4.2768,,,
54,0,0,0,,140,2021-02-22,0,0,0,,,
89,29,2,1,,140,2021-02-23,7.09775,21959,2.8391,,,
96,81,5,1,,140,2021-02-24,21.384,66157,8.5536,,,
70,68,2,1,,140,2021-02-25,13.09,40497,5.236,,,
84,63,5,1,,140,2021-02-26,14.553,45023,5.8212,,,
93,0,0,0,,140,2021-02-27,0,0,0,,,
92,25,5,1,,140,2021-02-28,6.325,19568,2.53,,,
96,81,3,1,,140,2021-03-01,21.384,66157,8.5536,,,
48,93,4,1,,140,2021-03-02,12.276,37979,4.9104,,,
48,63,1,1,,140,2021-03-03,8.316,25728,3.3264,,,
93,88,4,1,,140,2021-03-04,22.5,69609,9,,,
58,59,1,1,,140,2021-03-05,9.4105,29114,3.7642,,,
63,54,1,1,,140,2021-03-06,9.3555,28944,3.7422,,,
57,89,3,1,,140,2021-03-07,13.95075,43160,5.5803,,,
64,93,4,1,,140,2021-03-08,16.368,50639,6.5472,,,
64,70,3,1,,140,2021-03-09,12.32,38115,4.928,,,
68,0,0,0,,140,2021-03-10,0,0,0,,,
45,65,5,1,,140,2021-03-11,8.04375,24885,3.2175,,,
59,42,1,1,,140,2021-03-12,6.8145,21082,2.7258,,,
47,76,2,1,,140,2021-03-13,9.823,30390,3.9292,,,
74,80,1,1,,140,2021-03-14,16.28,50366,6.512,,,
65,86,3,1,,140,2021-03-15,15.3725,47559,6.149,,,
87,32,5,1,,140,2021-03-16,7.656,23686,3.0624,,,
79,0,0,0,,140,2021-03-17,0,0,0,,,
54,62,1,1,,140,2021-03-18,9.207,28484,3.6828,,,
97,39,4,1,,140,2021-03-19,10.40325,32185,4.1613,,,
92,68,3,1,,140,2021-03-20,17.204,53225,6.8816,,,
63,75,4,1,,140,2021-03-21,12.99375,40199,5.1975,,,
67,88,5,1,,140,2021-03-22,16.214,50162,6.4856,,,
69,89,3,1,,140,2021-03-23,16.88775,52246,6.7551,,,
68,0,0,0,,140,2021-03-24,0,0,0,,,
84,76,1,1,,141,2020-12-25,17.556,54314,7.0224,,,
71,25,4,1,,141,2020-12-26,4.88125,15101,1.9525,,,
79,84,2,1,,141,2020-12-27,18.249,56458,7.2996,,,
46,90,5,1,,141,2020-12-28,11.385,35222,4.554,,,
86,46,4,1,,141,2020-12-29,10.879,33657,4.3516,,,
70,31,4,1,,141,2020-12-30,5.9675,18462,2.387,,,
64,58,4,1,,141,2020-12-31,10.208,31581,4.0832,,,
52,86,2,1,,141,2021-01-01,12.298,38047,4.9192,,,
79,0,0,0,,141,2021-01-02,0,0,0,,,
95,59,5,1,,141,2021-01-03,15.41375,47686,6.1655,,,
67,77,1,1,,141,2021-01-04,14.18725,43892,5.6749,,,
75,95,2,1,,141,2021-01-05,19.59375,60618,7.8375,,,
61,77,3,1,,141,2021-01-06,12.91675,39961,5.1667,,,
47,84,2,1,,141,2021-01-07,10.857,33589,4.3428,,,
40,33,2,1,,141,2021-01-08,3.63,11230,1.452,,,
44,85,3,1,,141,2021-01-09,10.285,31819,4.114,,,
66,27,1,1,,141,2021-01-10,4.9005,15161,1.9602,,,
91,76,5,1,,141,2021-01-11,19.019,58840,7.6076,,,
94,53,1,1,,141,2021-01-12,13.7005,42386,5.4802,,,
67,74,3,1,,141,2021-01-13,13.6345,42182,5.4538,,,
98,86,1,1,,141,2021-01-14,22.5,69609,9,,,
51,50,3,1,,141,2021-01-15,7.0125,21695,2.805,,,
73,64,3,1,,141,2021-01-16,12.848,39749,5.1392,,,
55,37,5,1,,141,2021-01-17,5.59625,17313,2.2385,,,
80,94,1,1,,141,2021-01-18,20.68,63979,8.272,,,
82,40,5,1,,141,2021-01-19,9.02,27906,3.608,,,
53,55,3,1,,141,2021-01-20,8.01625,24800,3.2065,,,
50,85,4,1,,141,2021-01-21,11.6875,36158,4.675,,,
61,73,3,1,,141,2021-01-22,12.24575,37885,4.8983,,,
73,74,5,1,,141,2021-01-23,14.8555,45959,5.9422,,,
49,54,3,1,,141,2021-01-24,7.2765,22512,2.9106,,,
60,40,5,1,,141,2021-01-25,6.6,20419,2.64,,,
41,80,4,1,,141,2021-01-26,9.02,27906,3.608,,,
40,54,1,1,,141,2021-01-27,5.94,18377,2.376,,,
78,75,4,1,,141,2021-01-28,16.0875,49771,6.435,,,
89,75,4,1,,141,2021-01-29,18.35625,56790,7.3425,,,
89,87,4,1,,141,2021-01-30,21.29325,65876,8.5173,,,
57,64,4,1,,141,2021-01-31,10.032,31037,4.0128,,,
82,0,0,0,,141,2021-02-01,0,0,0,,,
74,30,5,1,,141,2021-02-02,6.105,18887,2.442,,,
65,43,5,1,,141,2021-02-03,7.68625,23779,3.0745,,,
97,70,3,1,,141,2021-02-04,18.6725,57768,7.469,,,
70,56,4,1,,141,2021-02-05,10.78,33351,4.312,,,
71,0,0,0,,141,2021-02-06,0,0,0,,,
76,78,2,1,,141,2021-02-07,16.302,50434,6.5208,,,
48,48,3,1,,141,2021-02-08,6.336,19602,2.5344,,,
61,82,4,1,,141,2021-02-09,13.7555,42556,5.5022,,,
45,74,5,1,,141,2021-02-10,9.1575,28331,3.663,,,
59,32,3,1,,141,2021-02-11,5.192,16063,2.0768,,,
54,0,0,0,,141,2021-02-12,0,0,0,,,
88,34,2,1,,141,2021-02-13,8.228,25455,3.2912,,,
43,74,5,1,,141,2021-02-14,8.7505,27072,3.5002,,,
49,71,1,1,,141,2021-02-15,9.56725,29599,3.8269,,,
43,84,5,1,,141,2021-02-16,9.933,30730,3.9732,,,
85,68,4,1,,141,2021-02-17,15.895,49175,6.358,,,
86,71,3,1,,141,2021-02-18,16.7915,51949,6.7166,,,
50,41,2,1,,141,2021-02-19,5.6375,17441,2.255,,,
41,34,3,1,,141,2021-02-20,3.8335,11860,1.5334,,,
53,0,0,0,,141,2021-02-21,0,0,0,,,
80,34,3,1,,141,2021-02-22,7.48,23141,2.992,,,
75,87,5,1,,141,2021-02-23,17.94375,55513,7.1775,,,
79,0,0,0,,141,2021-02-24,0,0,0,,,
54,75,4,1,,141,2021-02-25,11.1375,34457,4.455,,,
63,43,5,1,,141,2021-02-26,7.44975,23048,2.9799,,,
60,44,4,1,,141,2021-02-27,7.26,22461,2.904,,,
73,0,0,0,,141,2021-02-28,0,0,0,,,
85,73,5,1,,141,2021-03-01,17.06375,52791,6.8255,,,
52,0,0,0,,141,2021-03-02,0,0,0,,,
83,67,4,1,,141,2021-03-03,15.29275,47312,6.1171,,,
41,33,5,1,,141,2021-03-04,3.72075,11511,1.4883,,,
80,65,4,1,,141,2021-03-05,14.3,44241,5.72,,,
67,66,1,1,,141,2021-03-06,12.1605,37622,4.8642,,,
78,59,5,1,,141,2021-03-07,12.6555,39153,5.0622,,,
65,69,5,1,,141,2021-03-08,12.33375,38158,4.9335,,,
96,81,2,1,,141,2021-03-09,21.384,66157,8.5536,,,
50,40,3,1,,141,2021-03-10,5.5,17016,2.2,,,
80,0,0,0,,141,2021-03-11,0,0,0,,,
54,85,1,1,,141,2021-03-12,12.6225,39051,5.049,,,
73,41,2,1,,141,2021-03-13,8.23075,25464,3.2923,,,
53,84,1,1,,141,2021-03-14,12.243,37877,4.8972,,,
76,0,0,0,,141,2021-03-15,0,0,0,,,
87,62,4,1,,141,2021-03-16,14.8335,45891,5.9334,,,
82,0,0,0,,141,2021-03-17,0,0,0,,,
57,0,0,0,,141,2021-03-18,0,0,0,,,
41,84,5,1,,141,2021-03-19,9.471,29301,3.7884,,,
97,48,1,1,,141,2021-03-20,12.804,39612,5.1216,,,
76,0,0,0,,141,2021-03-21,0,0,0,,,
86,28,1,1,,141,2021-03-22,6.622,20487,2.6488,,,
80,56,1,1,,141,2021-03-23,12.32,38115,4.928,,,
57,0,0,0,,141,2021-03-24,0,0,0,,,
61,41,2,1,,142,2020-12-25,6.87775,21278,2.7511,,,
96,54,5,1,,142,2020-12-26,14.256,44105,5.7024,,,
61,56,4,1,,142,2020-12-27,9.394,29063,3.7576,,,
74,43,5,1,,142,2020-12-28,8.7505,27072,3.5002,,,
86,81,2,1,,142,2020-12-29,19.1565,59265,7.6626,,,
63,68,4,1,,142,2020-12-30,11.781,36447,4.7124,,,
41,79,3,1,,142,2020-12-31,8.90725,27557,3.5629,,,
63,88,2,1,,142,2021-01-01,15.246,47167,6.0984,,,
97,71,4,1,,142,2021-01-02,18.93925,58593,7.5757,,,
90,65,2,1,,142,2021-01-03,16.0875,49771,6.435,,,
80,60,4,1,,142,2021-01-04,13.2,40838,5.28,,,
62,0,0,0,,142,2021-01-05,0,0,0,,,
61,0,0,0,,142,2021-01-06,0,0,0,,,
67,36,2,1,,142,2021-01-07,6.633,20521,2.6532,,,
94,77,4,1,,142,2021-01-08,19.9045,61580,7.9618,,,
45,72,5,1,,142,2021-01-09,8.91,27565,3.564,,,
40,53,3,1,,142,2021-01-10,5.83,18037,2.332,,,
76,35,4,1,,142,2021-01-11,7.315,22631,2.926,,,
40,58,3,1,,142,2021-01-12,6.38,19738,2.552,,,
77,0,0,0,,142,2021-01-13,0,0,0,,,
51,25,5,1,,142,2021-01-14,3.50625,10847,1.4025,,,
82,0,0,0,,142,2021-01-15,0,0,0,,,
69,33,3,1,,142,2021-01-16,6.26175,19372,2.5047,,,
93,59,2,1,,142,2021-01-17,15.08925,46682,6.0357,,,
88,51,1,1,,142,2021-01-18,12.342,38183,4.9368,,,
51,91,2,1,,142,2021-01-19,12.76275,39485,5.1051,,,
47,26,1,1,,142,2021-01-20,3.3605,10397,1.3442,,,
69,52,5,1,,142,2021-01-21,9.867,30526,3.9468,,,
92,0,0,0,,142,2021-01-22,0,0,0,,,
40,89,2,1,,142,2021-01-23,9.79,30288,3.916,,,
50,29,4,1,,142,2021-01-24,3.9875,12336,1.595,,,
68,0,0,0,,142,2021-01-25,0,0,0,,,
86,66,3,1,,142,2021-01-26,15.609,48290,6.2436,,,
92,0,0,0,,142,2021-01-27,0,0,0,,,
42,94,5,1,,142,2021-01-28,10.857,33589,4.3428,,,
55,64,4,1,,142,2021-01-29,9.68,29948,3.872,,,
56,65,3,1,,142,2021-01-30,10.01,30968,4.004,,,
63,43,1,1,,142,2021-01-31,7.44975,23048,2.9799,,,
80,0,0,0,,142,2021-02-01,0,0,0,,,
49,0,0,0,,142,2021-02-02,0,0,0,,,
80,94,4,1,,142,2021-02-03,20.68,63979,8.272,,,
69,83,2,1,,142,2021-02-04,15.74925,48724,6.2997,,,
73,59,1,1,,142,2021-02-05,11.84425,36643,4.7377,,,
63,67,5,1,,142,2021-02-06,11.60775,35911,4.6431,,,
75,67,3,1,,142,2021-02-07,13.81875,42752,5.5275,,,
85,0,0,0,,142,2021-02-08,0,0,0,,,
68,60,5,1,,142,2021-02-09,11.22,34712,4.488,,,
51,71,4,1,,142,2021-02-10,9.95775,30807,3.9831,,,
60,45,2,1,,142,2021-02-11,7.425,22971,2.97,,,
83,70,4,1,,142,2021-02-12,15.9775,49430,6.391,,,
88,73,3,1,,142,2021-02-13,17.666,54654,7.0664,,,
57,0,0,0,,142,2021-02-14,0,0,0,,,
74,0,0,0,,142,2021-02-15,0,0,0,,,
87,26,4,1,,142,2021-02-16,6.2205,19245,2.4882,,,
52,44,1,1,,142,2021-02-17,6.292,19466,2.5168,,,
80,58,1,1,,142,2021-02-18,12.76,39476,5.104,,,
51,35,4,1,,142,2021-02-19,4.90875,15186,1.9635,,,
62,42,2,1,,142,2021-02-20,7.161,22154,2.8644,,,
67,90,4,1,,142,2021-02-21,16.5825,51302,6.633,,,
75,74,1,1,,142,2021-02-22,15.2625,47218,6.105,,,
51,75,5,1,,142,2021-02-23,10.51875,32542,4.2075,,,
69,0,0,0,,142,2021-02-24,0,0,0,,,
93,44,1,1,,142,2021-02-25,11.253,34814,4.5012,,,
68,65,2,1,,142,2021-02-26,12.155,37605,4.862,,,
46,46,5,1,,142,2021-02-27,5.819,18003,2.3276,,,
62,81,1,1,,142,2021-02-28,13.8105,42726,5.5242,,,
62,36,4,1,,142,2021-03-01,6.138,18989,2.4552,,,
49,39,3,1,,142,2021-03-02,5.25525,16258,2.1021,,,
89,50,2,1,,142,2021-03-03,12.2375,37860,4.895,,,
59,45,4,1,,142,2021-03-04,7.30125,22588,2.9205,,,
58,0,0,0,,142,2021-03-05,0,0,0,,,
83,86,3,1,,142,2021-03-06,19.6295,60729,7.8518,,,
68,30,2,1,,142,2021-03-07,5.61,17356,2.244,,,
51,63,3,1,,142,2021-03-08,8.83575,27336,3.5343,,,
42,60,3,1,,142,2021-03-09,6.93,21440,2.772,,,
49,90,5,1,,142,2021-03-10,12.1275,37519,4.851,,,
59,41,5,1,,142,2021-03-11,6.65225,20580,2.6609,,,
48,60,2,1,,142,2021-03-12,7.92,24503,3.168,,,
89,31,5,1,,142,2021-03-13,7.58725,23473,3.0349,,,
78,0,0,0,,142,2021-03-14,0,0,0,,,
85,62,3,1,,142,2021-03-15,14.4925,44836,5.797,,,
98,73,3,1,,142,2021-03-16,19.6735,60865,7.8694,,,
81,0,0,0,,142,2021-03-17,0,0,0,,,
45,35,1,1,,142,2021-03-18,4.33125,13400,1.7325,,,
48,55,1,1,,142,2021-03-19,7.26,22461,2.904,,,
46,63,3,1,,142,2021-03-20,7.9695,24656,3.1878,,,
63,60,2,1,,142,2021-03-21,10.395,32160,4.158,,,
92,56,2,1,,142,2021-03-22,14.168,43832,5.6672,,,
49,90,3,1,,142,2021-03-23,12.1275,37519,4.851,,,
47,84,1,1,,142,2021-03-24,10.857,33589,4.3428,,,
78,0,0,0,,143,2020-12-25,0,0,0,,,
98,53,5,1,,143,2020-12-26,14.2835,44190,5.7134,,,
59,66,5,1,,143,2020-12-27,10.7085,33129,4.2834,,,
75,38,1,1,,143,2020-12-28,7.8375,24247,3.135,,,
80,89,1,1,,143,2020-12-29,19.58,60576,7.832,,,
79,59,5,1,,143,2020-12-30,12.81775,39655,5.1271,,,
74,88,5,1,,143,2020-12-31,17.908,55403,7.1632,,,
50,56,1,1,,143,2021-01-01,7.7,23822,3.08,,,
42,30,1,1,,143,2021-01-02,3.465,10720,1.386,,,
69,46,4,1,,143,2021-01-03,8.7285,27004,3.4914,,,
94,47,5,1,,143,2021-01-04,12.1495,37588,4.8598,,,
69,69,3,1,,143,2021-01-05,13.09275,40506,5.2371,,,
53,37,3,1,,143,2021-01-06,5.39275,16684,2.1571,,,
43,78,5,1,,143,2021-01-07,9.2235,28535,3.6894,,,
70,71,4,1,,143,2021-01-08,13.6675,42284,5.467,,,
61,39,1,1,,143,2021-01-09,6.54225,20240,2.6169,,,
50,45,4,1,,143,2021-01-10,6.1875,19143,2.475,,,
91,35,5,1,,143,2021-01-11,8.75875,27097,3.5035,,,
87,74,3,1,,143,2021-01-12,17.7045,54773,7.0818,,,
60,42,1,1,,143,2021-01-13,6.93,21440,2.772,,,
61,53,5,1,,143,2021-01-14,8.89075,27506,3.5563,,,
60,63,1,1,,143,2021-01-15,10.395,32160,4.158,,,
65,0,0,0,,143,2021-01-16,0,0,0,,,
69,39,1,1,,143,2021-01-17,7.40025,22895,2.9601,,,
79,31,1,1,,143,2021-01-18,6.73475,20836,2.6939,,,
79,35,1,1,,143,2021-01-19,7.60375,23524,3.0415,,,
72,56,5,1,,143,2021-01-20,11.088,34304,4.4352,,,
49,86,2,1,,143,2021-01-21,11.5885,35852,4.6354,,,
51,76,4,1,,143,2021-01-22,10.659,32976,4.2636,,,
64,0,0,0,,143,2021-01-23,0,0,0,,,
82,0,0,0,,143,2021-01-24,0,0,0,,,
54,79,3,1,,143,2021-01-25,11.7315,36294,4.6926,,,
63,74,4,1,,143,2021-01-26,12.8205,39663,5.1282,,,
62,72,4,1,,143,2021-01-27,12.276,37979,4.9104,,,
88,30,3,1,,143,2021-01-28,7.26,22461,2.904,,,
57,46,1,1,,143,2021-01-29,7.2105,22307,2.8842,,,
85,71,5,1,,143,2021-01-30,16.59625,51345,6.6385,,,
78,62,5,1,,143,2021-01-31,13.299,41144,5.3196,,,
66,0,0,0,,143,2021-02-01,0,0,0,,,
93,35,2,1,,143,2021-02-02,8.95125,27693,3.5805,,,
75,57,1,1,,143,2021-02-03,11.75625,36371,4.7025,,,
89,93,5,1,,143,2021-02-04,22.5,69609,9,,,
65,65,2,1,,143,2021-02-05,11.61875,35946,4.6475,,,
49,55,3,1,,143,2021-02-06,7.41125,22929,2.9645,,,
63,33,4,1,,143,2021-02-07,5.71725,17688,2.2869,,,
88,63,2,1,,143,2021-02-08,15.246,47167,6.0984,,,
70,87,1,1,,143,2021-02-09,16.7475,51813,6.699,,,
88,89,2,1,,143,2021-02-10,21.538,66633,8.6152,,,
43,0,0,0,,143,2021-02-11,0,0,0,,,
86,55,2,1,,143,2021-02-12,13.0075,40242,5.203,,,
85,48,3,1,,143,2021-02-13,11.22,34712,4.488,,,
47,34,4,1,,143,2021-02-14,4.3945,13595,1.7578,,,
86,77,2,1,,143,2021-02-15,18.2105,56339,7.2842,,,
52,66,2,1,,143,2021-02-16,9.438,29199,3.7752,,,
43,0,0,0,,143,2021-02-17,0,0,0,,,
65,0,0,0,,143,2021-02-18,0,0,0,,,
87,34,1,1,,143,2021-02-19,8.1345,25166,3.2538,,,
74,67,3,1,,143,2021-02-20,13.6345,42182,5.4538,,,
95,32,3,1,,143,2021-02-21,8.36,25864,3.344,,,
87,30,4,1,,143,2021-02-22,7.1775,22205,2.871,,,
87,91,3,1,,143,2021-02-23,21.77175,67356,8.7087,,,
63,40,4,1,,143,2021-02-24,6.93,21440,2.772,,,
62,0,0,0,,143,2021-02-25,0,0,0,,,
57,81,3,1,,143,2021-02-26,12.69675,39281,5.0787,,,
83,86,5,1,,143,2021-02-27,19.6295,60729,7.8518,,,
81,84,3,1,,143,2021-02-28,18.711,57887,7.4844,,,
72,79,2,1,,143,2021-03-01,15.642,48392,6.2568,,,
82,36,1,1,,143,2021-03-02,8.118,25115,3.2472,,,
40,41,1,1,,143,2021-03-03,4.51,13953,1.804,,,
93,64,1,1,,143,2021-03-04,16.368,50639,6.5472,,,
93,0,0,0,,143,2021-03-05,0,0,0,,,
66,46,3,1,,143,2021-03-06,8.349,25830,3.3396,,,
64,50,3,1,,143,2021-03-07,8.8,27225,3.52,,,
95,67,2,1,,143,2021-03-08,17.50375,54152,7.0015,,,
66,90,5,1,,143,2021-03-09,16.335,50536,6.534,,,
85,31,4,1,,143,2021-03-10,7.24625,22418,2.8985,,,
59,0,0,0,,143,2021-03-11,0,0,0,,,
48,87,2,1,,143,2021-03-12,11.484,35529,4.5936,,,
55,0,0,0,,143,2021-03-13,0,0,0,,,
82,0,0,0,,143,2021-03-14,0,0,0,,,
47,70,2,1,,143,2021-03-15,9.0475,27991,3.619,,,
57,90,1,1,,143,2021-03-16,14.1075,43645,5.643,,,
47,82,3,1,,143,2021-03-17,10.5985,32789,4.2394,,,
59,0,0,0,,143,2021-03-18,0,0,0,,,
61,65,3,1,,143,2021-03-19,10.90375,33733,4.3615,,,
91,0,0,0,,143,2021-03-20,0,0,0,,,
63,77,2,1,,143,2021-03-21,13.34025,41271,5.3361,,,
45,61,1,1,,143,2021-03-22,7.54875,23354,3.0195,,,
56,79,5,1,,143,2021-03-23,12.166,37639,4.8664,,,
44,33,3,1,,143,2021-03-24,3.993,12353,1.5972,,,
71,53,4,1,,144,2020-12-25,10.34825,32015,4.1393,,,
92,69,5,1,,144,2020-12-26,17.457,54008,6.9828,,,
91,76,3,1,,144,2020-12-27,19.019,58840,7.6076,,,
81,59,2,1,,144,2020-12-28,13.14225,40659,5.2569,,,
83,43,2,1,,144,2020-12-29,9.81475,30364,3.9259,,,
42,0,0,0,,144,2020-12-30,0,0,0,,,
42,0,0,0,,144,2020-12-31,0,0,0,,,
91,45,5,1,,144,2021-01-01,11.26125,34839,4.5045,,,
62,54,3,1,,144,2021-01-02,9.207,28484,3.6828,,,
40,81,5,1,,144,2021-01-03,8.91,27565,3.564,,,
58,34,4,1,,144,2021-01-04,5.423,16777,2.1692,,,
81,0,0,0,,144,2021-01-05,0,0,0,,,
41,78,2,1,,144,2021-01-06,8.7945,27208,3.5178,,,
90,46,2,1,,144,2021-01-07,11.385,35222,4.554,,,
41,46,1,1,,144,2021-01-08,5.1865,16046,2.0746,,,
83,32,2,1,,144,2021-01-09,7.304,22597,2.9216,,,
48,89,5,1,,144,2021-01-10,11.748,36345,4.6992,,,
51,0,0,0,,144,2021-01-11,0,0,0,,,
79,37,3,1,,144,2021-01-12,8.03825,24868,3.2153,,,
42,27,2,1,,144,2021-01-13,3.1185,9648,1.2474,,,
86,0,0,0,,144,2021-01-14,0,0,0,,,
49,58,1,1,,144,2021-01-15,7.8155,24179,3.1262,,,
94,67,2,1,,144,2021-01-16,17.3195,53582,6.9278,,,
84,78,5,1,,144,2021-01-17,18.018,55743,7.2072,,,
42,25,3,1,,144,2021-01-18,2.8875,8933,1.155,,,
72,50,3,1,,144,2021-01-19,9.9,30628,3.96,,,
52,67,2,1,,144,2021-01-20,9.581,29641,3.8324,,,
88,90,1,1,,144,2021-01-21,21.78,67382,8.712,,,
79,84,2,1,,144,2021-01-22,18.249,56458,7.2996,,,
67,43,3,1,,144,2021-01-23,7.92275,24511,3.1691,,,
94,31,1,1,,144,2021-01-24,8.0135,24792,3.2054,,,
72,71,2,1,,144,2021-01-25,14.058,43492,5.6232,,,
63,46,4,1,,144,2021-01-26,7.9695,24656,3.1878,,,
44,90,2,1,,144,2021-01-27,10.89,33691,4.356,,,
48,0,0,0,,144,2021-01-28,0,0,0,,,
97,86,4,1,,144,2021-01-29,22.5,69609,9,,,
64,0,0,0,,144,2021-01-30,0,0,0,,,
86,27,4,1,,144,2021-01-31,6.3855,19755,2.5542,,,
64,0,0,0,,144,2021-02-01,0,0,0,,,
45,42,2,1,,144,2021-02-02,5.1975,16080,2.079,,,
52,48,4,1,,144,2021-02-03,6.864,21236,2.7456,,,
70,64,4,1,,144,2021-02-04,12.32,38115,4.928,,,
54,0,0,0,,144,2021-02-05,0,0,0,,,
74,82,1,1,,144,2021-02-06,16.687,51625,6.6748,,,
57,71,2,1,,144,2021-02-07,11.12925,34431,4.4517,,,
64,31,5,1,,144,2021-02-08,5.456,16880,2.1824,,,
70,45,1,1,,144,2021-02-09,8.6625,26800,3.465,,,
76,47,5,1,,144,2021-02-10,9.823,30390,3.9292,,,
69,82,4,1,,144,2021-02-11,15.5595,48137,6.2238,,,
65,27,3,1,,144,2021-02-12,4.82625,14931,1.9305,,,
44,50,5,1,,144,2021-02-13,6.05,18717,2.42,,,
70,74,1,1,,144,2021-02-14,14.245,44070,5.698,,,
47,35,2,1,,144,2021-02-15,4.52375,13995,1.8095,,,
97,66,3,1,,144,2021-02-16,17.6055,54467,7.0422,,,
63,83,1,1,,144,2021-02-17,14.37975,44487,5.7519,,,
45,57,4,1,,144,2021-02-18,7.05375,21823,2.8215,,,
57,34,3,1,,144,2021-02-19,5.3295,16488,2.1318,,,
48,0,0,0,,144,2021-02-20,0,0,0,,,
92,50,3,1,,144,2021-02-21,12.65,39136,5.06,,,
67,34,3,1,,144,2021-02-22,6.2645,19381,2.5058,,,
90,0,0,0,,144,2021-02-23,0,0,0,,,
87,42,3,1,,144,2021-02-24,10.0485,31088,4.0194,,,
45,40,4,1,,144,2021-02-25,4.95,15314,1.98,,,
81,69,2,1,,144,2021-02-26,15.36975,47550,6.1479,,,
43,76,4,1,,144,2021-02-27,8.987,27804,3.5948,,,
61,51,4,1,,144,2021-02-28,8.55525,26468,3.4221,,,
49,35,2,1,,144,2021-03-01,4.71625,14591,1.8865,,,
79,54,2,1,,144,2021-03-02,11.7315,36294,4.6926,,,
94,26,4,1,,144,2021-03-03,6.721,20793,2.6884,,,
52,51,5,1,,144,2021-03-04,7.293,22563,2.9172,,,
88,90,1,1,,144,2021-03-05,21.78,67382,8.712,,,
49,35,2,1,,144,2021-03-06,4.71625,14591,1.8865,,,
84,61,5,1,,144,2021-03-07,14.091,43594,5.6364,,,
40,34,5,1,,144,2021-03-08,3.74,11571,1.496,,,
74,90,4,1,,144,2021-03-09,18.315,56662,7.326,,,
81,26,2,1,,144,2021-03-10,5.7915,17917,2.3166,,,
83,87,2,1,,144,2021-03-11,19.85775,61435,7.9431,,,
60,90,2,1,,144,2021-03-12,14.85,45942,5.94,,,
79,73,5,1,,144,2021-03-13,15.85925,49065,6.3437,,,
52,25,4,1,,144,2021-03-14,3.575,11060,1.43,,,
66,55,3,1,,144,2021-03-15,9.9825,30883,3.993,,,
73,58,4,1,,144,2021-03-16,11.6435,36022,4.6574,,,
45,39,3,1,,144,2021-03-17,4.82625,14931,1.9305,,,
72,0,0,0,,144,2021-03-18,0,0,0,,,
67,63,2,1,,144,2021-03-19,11.60775,35911,4.6431,,,
45,63,2,1,,144,2021-03-20,7.79625,24120,3.1185,,,
46,39,3,1,,144,2021-03-21,4.9335,15263,1.9734,,,
94,70,5,1,,144,2021-03-22,18.095,55981,7.238,,,
41,0,0,0,,144,2021-03-23,0,0,0,,,
81,86,2,1,,144,2021-03-24,19.1565,59265,7.6626,,,
44,88,1,1,,145,2020-12-25,10.648,32942,4.2592,,,
58,0,0,0,,145,2020-12-26,0,0,0,,,
62,27,4,1,,145,2020-12-27,4.6035,14242,1.8414,,,
97,90,3,1,,145,2020-12-28,22.5,69609,9,,,
88,47,3,1,,145,2020-12-29,11.374,35188,4.5496,,,
90,91,2,1,,145,2020-12-30,22.5,69609,9,,,
43,80,1,1,,145,2020-12-31,9.46,29267,3.784,,,
83,75,5,1,,145,2021-01-01,17.11875,52961,6.8475,,,
47,74,4,1,,145,2021-01-02,9.5645,29590,3.8258,,,
87,90,4,1,,145,2021-01-03,21.5325,66616,8.613,,,
79,47,4,1,,145,2021-01-04,10.21075,31590,4.0843,,,
83,0,0,0,,145,2021-01-05,0,0,0,,,
69,31,4,1,,145,2021-01-06,5.88225,18198,2.3529,,,
57,31,2,1,,145,2021-01-07,4.85925,15033,1.9437,,,
41,57,3,1,,145,2021-01-08,6.42675,19883,2.5707,,,
85,88,2,1,,145,2021-01-09,20.57,63638,8.228,,,
75,52,2,1,,145,2021-01-10,10.725,33180,4.29,,,
90,0,0,0,,145,2021-01-11,0,0,0,,,
88,36,4,1,,145,2021-01-12,8.712,26953,3.4848,,,
74,0,0,0,,145,2021-01-13,0,0,0,,,
56,26,3,1,,145,2021-01-14,4.004,12387,1.6016,,,
55,71,1,1,,145,2021-01-15,10.73875,33223,4.2955,,,
96,56,4,1,,145,2021-01-16,14.784,45738,5.9136,,,
61,32,1,1,,145,2021-01-17,5.368,16607,2.1472,,,
79,32,2,1,,145,2021-01-18,6.952,21508,2.7808,,,
56,59,2,1,,145,2021-01-19,9.086,28110,3.6344,,,
49,56,1,1,,145,2021-01-20,7.546,23345,3.0184,,,
73,94,3,1,,145,2021-01-21,18.8705,58381,7.5482,,,
79,26,4,1,,145,2021-01-22,5.6485,17475,2.2594,,,
77,30,4,1,,145,2021-01-23,6.3525,19653,2.541,,,
88,61,4,1,,145,2021-01-24,14.762,45670,5.9048,,,
74,39,4,1,,145,2021-01-25,7.9365,24554,3.1746,,,
67,70,3,1,,145,2021-01-26,12.8975,39902,5.159,,,
50,63,4,1,,145,2021-01-27,8.6625,26800,3.465,,,
98,0,0,0,,145,2021-01-28,0,0,0,,,
64,86,4,1,,145,2021-01-29,15.136,46827,6.0544,,,
40,58,5,1,,145,2021-01-30,6.38,19738,2.552,,,
72,77,4,1,,145,2021-01-31,15.246,47167,6.0984,,,
43,58,5,1,,145,2021-02-01,6.8585,21218,2.7434,,,
94,43,4,1,,145,2021-02-02,11.1155,34389,4.4462,,,
52,88,5,1,,145,2021-02-03,12.584,38932,5.0336,,,
41,93,4,1,,145,2021-02-04,10.48575,32440,4.1943,,,
86,40,5,1,,145,2021-02-05,9.46,29267,3.784,,,
79,59,2,1,,145,2021-02-06,12.81775,39655,5.1271,,,
53,51,1,1,,145,2021-02-07,7.43325,22997,2.9733,,,
77,46,2,1,,145,2021-02-08,9.7405,30135,3.8962,,,
64,72,4,1,,145,2021-02-09,12.672,39204,5.0688,,,
65,33,2,1,,145,2021-02-10,5.89875,18249,2.3595,,,
83,73,2,1,,145,2021-02-11,16.66225,51549,6.6649,,,
78,63,1,1,,145,2021-02-12,13.5135,41807,5.4054,,,
84,25,3,1,,145,2021-02-13,5.775,17866,2.31,,,
96,83,3,1,,145,2021-02-14,21.912,67790,8.7648,,,
94,83,2,1,,145,2021-02-15,21.4555,66378,8.5822,,,
72,0,0,0,,145,2021-02-16,0,0,0,,,
44,65,3,1,,145,2021-02-17,7.865,24332,3.146,,,
72,29,5,1,,145,2021-02-18,5.742,17764,2.2968,,,
78,40,5,1,,145,2021-02-19,8.58,26544,3.432,,,
94,33,5,1,,145,2021-02-20,8.5305,26391,3.4122,,,
45,0,0,0,,145,2021-02-21,0,0,0,,,
49,63,4,1,,145,2021-02-22,8.48925,26264,3.3957,,,
97,47,1,1,,145,2021-02-23,12.53725,38787,5.0149,,,
70,65,5,1,,145,2021-02-24,12.5125,38711,5.005,,,
95,0,0,0,,145,2021-02-25,0,0,0,,,
90,81,2,1,,145,2021-02-26,20.0475,62022,8.019,,,
72,88,3,1,,145,2021-02-27,17.424,53906,6.9696,,,
57,60,3,1,,145,2021-02-28,9.405,29097,3.762,,,
53,87,1,1,,145,2021-03-01,12.68025,39230,5.0721,,,
86,40,4,1,,145,2021-03-02,9.46,29267,3.784,,,
93,83,4,1,,145,2021-03-03,21.22725,65672,8.4909,,,
69,0,0,0,,145,2021-03-04,0,0,0,,,
74,0,0,0,,145,2021-03-05,0,0,0,,,
65,0,0,0,,145,2021-03-06,0,0,0,,,
49,60,2,1,,145,2021-03-07,8.085,25013,3.234,,,
96,30,3,1,,145,2021-03-08,7.92,24503,3.168,,,
51,72,3,1,,145,2021-03-09,10.098,31241,4.0392,,,
72,0,0,0,,145,2021-03-10,0,0,0,,,
98,84,1,1,,145,2021-03-11,22.5,69609,9,,,
68,58,3,1,,145,2021-03-12,10.846,33555,4.3384,,,
94,80,2,1,,145,2021-03-13,20.68,63979,8.272,,,
56,26,4,1,,145,2021-03-14,4.004,12387,1.6016,,,
48,83,4,1,,145,2021-03-15,10.956,33895,4.3824,,,
97,37,2,1,,145,2021-03-16,9.86975,30535,3.9479,,,
40,89,5,1,,145,2021-03-17,9.79,30288,3.916,,,
85,62,3,1,,145,2021-03-18,14.4925,44836,5.797,,,
86,37,2,1,,145,2021-03-19,8.7505,27072,3.5002,,,
65,0,0,0,,145,2021-03-20,0,0,0,,,
44,0,0,0,,145,2021-03-21,0,0,0,,,
50,40,1,1,,145,2021-03-22,5.5,17016,2.2,,,
58,89,2,1,,145,2021-03-23,14.1955,43917,5.6782,,,
74,76,1,1,,145,2021-03-24,15.466,47848,6.1864,,,
49,64,4,1,,146,2020-12-25,8.624,26681,3.4496,,,
51,0,0,0,,146,2020-12-26,0,0,0,,,
54,73,2,1,,146,2020-12-27,10.8405,33538,4.3362,,,
93,46,4,1,,146,2020-12-28,11.7645,36396,4.7058,,,
92,74,2,1,,146,2020-12-29,18.722,57921,7.4888,,,
80,84,3,1,,146,2020-12-30,18.48,57173,7.392,,,
69,30,5,1,,146,2020-12-31,5.6925,17611,2.277,,,
78,0,0,0,,146,2021-01-01,0,0,0,,,
60,79,1,1,,146,2021-01-02,13.035,40327,5.214,,,
73,43,3,1,,146,2021-01-03,8.63225,26706,3.4529,,,
91,48,3,1,,146,2021-01-04,12.012,37162,4.8048,,,
54,90,1,1,,146,2021-01-05,13.365,41348,5.346,,,
86,30,2,1,,146,2021-01-06,7.095,21950,2.838,,,
73,67,4,1,,146,2021-01-07,13.45025,41612,5.3801,,,
42,36,2,1,,146,2021-01-08,4.158,12864,1.6632,,,
63,29,3,1,,146,2021-01-09,5.02425,15544,2.0097,,,
65,55,1,1,,146,2021-01-10,9.83125,30415,3.9325,,,
81,33,1,1,,146,2021-01-11,7.35075,22741,2.9403,,,
74,31,3,1,,146,2021-01-12,6.3085,19517,2.5234,,,
55,39,3,1,,146,2021-01-13,5.89875,18249,2.3595,,,
75,27,4,1,,146,2021-01-14,5.56875,17228,2.2275,,,
53,89,1,1,,146,2021-01-15,12.97175,40131,5.1887,,,
64,62,5,1,,146,2021-01-16,10.912,33759,4.3648,,,
66,89,5,1,,146,2021-01-17,16.1535,49975,6.4614,,,
92,26,4,1,,146,2021-01-18,6.578,20351,2.6312,,,
63,48,1,1,,146,2021-01-19,8.316,25728,3.3264,,,
61,0,0,0,,146,2021-01-20,0,0,0,,,
82,61,1,1,,146,2021-01-21,13.7555,42556,5.5022,,,
40,70,4,1,,146,2021-01-22,7.7,23822,3.08,,,
74,29,3,1,,146,2021-01-23,5.9015,18258,2.3606,,,
46,29,2,1,,146,2021-01-24,3.6685,11349,1.4674,,,
45,84,1,1,,146,2021-01-25,10.395,32160,4.158,,,
42,91,3,1,,146,2021-01-26,10.5105,32517,4.2042,,,
96,33,4,1,,146,2021-01-27,8.712,26953,3.4848,,,
68,28,4,1,,146,2021-01-28,5.236,16199,2.0944,,,
49,49,3,1,,146,2021-01-29,6.60275,20427,2.6411,,,
94,94,5,1,,146,2021-01-30,22.5,69609,9,,,
82,70,5,1,,146,2021-01-31,15.785,48835,6.314,,,
50,47,4,1,,146,2021-02-01,6.4625,19993,2.585,,,
82,61,4,1,,146,2021-02-02,13.7555,42556,5.5022,,,
90,63,1,1,,146,2021-02-03,15.5925,48239,6.237,,,
83,27,3,1,,146,2021-02-04,6.16275,19066,2.4651,,,
88,89,4,1,,146,2021-02-05,21.538,66633,8.6152,,,
70,75,2,1,,146,2021-02-06,14.4375,44666,5.775,,,
49,60,1,1,,146,2021-02-07,8.085,25013,3.234,,,
46,63,5,1,,146,2021-02-08,7.9695,24656,3.1878,,,
77,28,3,1,,146,2021-02-09,5.929,18343,2.3716,,,
83,58,5,1,,146,2021-02-10,13.2385,40957,5.2954,,,
72,89,4,1,,146,2021-02-11,17.622,54518,7.0488,,,
74,65,5,1,,146,2021-02-12,13.2275,40923,5.291,,,
96,95,5,1,,146,2021-02-13,22.5,69609,9,,,
75,47,4,1,,146,2021-02-14,9.69375,29990,3.8775,,,
84,49,5,1,,146,2021-02-15,11.319,35018,4.5276,,,
91,58,5,1,,146,2021-02-16,14.5145,44904,5.8058,,,
42,37,4,1,,146,2021-02-17,4.2735,13221,1.7094,,,
92,0,0,0,,146,2021-02-18,0,0,0,,,
59,0,0,0,,146,2021-02-19,0,0,0,,,
52,45,1,1,,146,2021-02-20,6.435,19908,2.574,,,
89,55,2,1,,146,2021-02-21,13.46125,41646,5.3845,,,
72,52,5,1,,146,2021-02-22,10.296,31853,4.1184,,,
63,28,4,1,,146,2021-02-23,4.851,15008,1.9404,,,
60,0,0,0,,146,2021-02-24,0,0,0,,,
44,51,3,1,,146,2021-02-25,6.171,19092,2.4684,,,
64,88,2,1,,146,2021-02-26,15.488,47916,6.1952,,,
81,82,2,1,,146,2021-02-27,18.2655,56509,7.3062,,,
63,0,0,0,,146,2021-02-28,0,0,0,,,
86,60,2,1,,146,2021-03-01,14.19,43900,5.676,,,
60,62,2,1,,146,2021-03-02,10.23,31649,4.092,,,
55,77,2,1,,146,2021-03-03,11.64625,36031,4.6585,,,
86,75,2,1,,146,2021-03-04,17.7375,54875,7.095,,,
61,62,5,1,,146,2021-03-05,10.4005,32177,4.1602,,,
72,0,0,0,,146,2021-03-06,0,0,0,,,
63,64,4,1,,146,2021-03-07,11.088,34304,4.4352,,,
58,58,1,1,,146,2021-03-08,9.251,28620,3.7004,,,
41,69,2,1,,146,2021-03-09,7.77975,24069,3.1119,,,
58,75,1,1,,146,2021-03-10,11.9625,37009,4.785,,,
89,90,4,1,,146,2021-03-11,22.0275,68148,8.811,,,
64,72,4,1,,146,2021-03-12,12.672,39204,5.0688,,,
94,0,0,0,,146,2021-03-13,0,0,0,,,
91,38,2,1,,146,2021-03-14,9.5095,29420,3.8038,,,
42,52,2,1,,146,2021-03-15,6.006,18581,2.4024,,,
45,0,0,0,,146,2021-03-16,0,0,0,,,
94,46,3,1,,146,2021-03-17,11.891,36788,4.7564,,,
67,0,0,0,,146,2021-03-18,0,0,0,,,
88,55,5,1,,146,2021-03-19,13.31,41178,5.324,,,
51,44,2,1,,146,2021-03-20,6.171,19092,2.4684,,,
40,34,3,1,,146,2021-03-21,3.74,11571,1.496,,,
87,43,5,1,,146,2021-03-22,10.28775,31828,4.1151,,,
86,0,0,0,,146,2021-03-23,0,0,0,,,
71,36,4,1,,146,2021-03-24,7.029,21746,2.8116,,,
57,0,0,0,,147,2020-12-25,0,0,0,,,
41,69,1,1,,147,2020-12-26,7.77975,24069,3.1119,,,
80,57,5,1,,147,2020-12-27,12.54,38796,5.016,,,
93,0,0,0,,147,2020-12-28,0,0,0,,,
86,36,3,1,,147,2020-12-29,8.514,26340,3.4056,,,
88,92,2,1,,147,2020-12-30,22.264,68879,8.9056,,,
92,93,3,1,,147,2020-12-31,22.5,69609,9,,,
65,36,4,1,,147,2021-01-01,6.435,19908,2.574,,,
52,34,1,1,,147,2021-01-02,4.862,15042,1.9448,,,
47,27,1,1,,147,2021-01-03,3.48975,10796,1.3959,,,
41,80,1,1,,147,2021-01-04,9.02,27906,3.608,,,
88,82,1,1,,147,2021-01-05,19.844,61392,7.9376,,,
65,92,4,1,,147,2021-01-06,16.445,50877,6.578,,,
76,38,5,1,,147,2021-01-07,7.942,24571,3.1768,,,
91,0,0,0,,147,2021-01-08,0,0,0,,,
69,87,5,1,,147,2021-01-09,16.50825,51072,6.6033,,,
91,0,0,0,,147,2021-01-10,0,0,0,,,
41,64,4,1,,147,2021-01-11,7.216,22325,2.8864,,,
53,39,1,1,,147,2021-01-12,5.68425,17586,2.2737,,,
82,92,1,1,,147,2021-01-13,20.746,64183,8.2984,,,
62,90,1,1,,147,2021-01-14,15.345,47474,6.138,,,
80,25,5,1,,147,2021-01-15,5.5,17016,2.2,,,
92,35,1,1,,147,2021-01-16,8.855,27395,3.542,,,
45,64,2,1,,147,2021-01-17,7.92,24503,3.168,,,
69,90,2,1,,147,2021-01-18,17.0775,52834,6.831,,,
97,88,2,1,,147,2021-01-19,22.5,69609,9,,,
45,71,5,1,,147,2021-01-20,8.78625,27182,3.5145,,,
45,82,5,1,,147,2021-01-21,10.1475,31394,4.059,,,
54,77,2,1,,147,2021-01-22,11.4345,35375,4.5738,,,
69,45,5,1,,147,2021-01-23,8.53875,26417,3.4155,,,
71,91,2,1,,147,2021-01-24,17.76775,54969,7.1071,,,
93,35,4,1,,147,2021-01-25,8.95125,27693,3.5805,,,
95,63,1,1,,147,2021-01-26,16.45875,50919,6.5835,,,
67,31,4,1,,147,2021-01-27,5.71175,17671,2.2847,,,
66,27,3,1,,147,2021-01-28,4.9005,15161,1.9602,,,
92,0,0,0,,147,2021-01-29,0,0,0,,,
40,56,1,1,,147,2021-01-30,6.16,19058,2.464,,,
85,0,0,0,,147,2021-01-31,0,0,0,,,
48,0,0,0,,147,2021-02-01,0,0,0,,,
65,0,0,0,,147,2021-02-02,0,0,0,,,
89,93,1,1,,147,2021-02-03,22.5,69609,9,,,
81,65,1,1,,147,2021-02-04,14.47875,44794,5.7915,,,
75,43,1,1,,147,2021-02-05,8.86875,27438,3.5475,,,
80,0,0,0,,147,2021-02-06,0,0,0,,,
77,0,0,0,,147,2021-02-07,0,0,0,,,
81,55,1,1,,147,2021-02-08,12.25125,37902,4.9005,,,
54,67,1,1,,147,2021-02-09,9.9495,30781,3.9798,,,
77,80,2,1,,147,2021-02-10,16.94,52408,6.776,,,
69,68,1,1,,147,2021-02-11,12.903,39919,5.1612,,,
43,75,4,1,,147,2021-02-12,8.86875,27438,3.5475,,,
51,59,1,1,,147,2021-02-13,8.27475,25600,3.3099,,,
41,0,0,0,,147,2021-02-14,0,0,0,,,
64,52,5,1,,147,2021-02-15,9.152,28314,3.6608,,,
74,71,4,1,,147,2021-02-16,14.4485,44700,5.7794,,,
87,48,1,1,,147,2021-02-17,11.484,35529,4.5936,,,
85,58,3,1,,147,2021-02-18,13.5575,41944,5.423,,,
73,39,2,1,,147,2021-02-19,7.82925,24222,3.1317,,,
87,0,0,0,,147,2021-02-20,0,0,0,,,
77,72,2,1,,147,2021-02-21,15.246,47167,6.0984,,,
55,0,0,0,,147,2021-02-22,0,0,0,,,
62,58,3,1,,147,2021-02-23,9.889,30594,3.9556,,,
70,25,4,1,,147,2021-02-24,4.8125,14889,1.925,,,
81,51,5,1,,147,2021-02-25,11.36025,35146,4.5441,,,
67,66,5,1,,147,2021-02-26,12.1605,37622,4.8642,,,
77,28,1,1,,147,2021-02-27,5.929,18343,2.3716,,,
66,72,5,1,,147,2021-02-28,13.068,40429,5.2272,,,
70,46,5,1,,147,2021-03-01,8.855,27395,3.542,,,
50,89,2,1,,147,2021-03-02,12.2375,37860,4.895,,,
86,72,3,1,,147,2021-03-03,17.028,52680,6.8112,,,
49,35,4,1,,147,2021-03-04,4.71625,14591,1.8865,,,
91,59,3,1,,147,2021-03-05,14.76475,45678,5.9059,,,
87,75,1,1,,147,2021-03-06,17.94375,55513,7.1775,,,
60,64,2,1,,147,2021-03-07,10.56,32670,4.224,,,
72,79,1,1,,147,2021-03-08,15.642,48392,6.2568,,,
94,0,0,0,,147,2021-03-09,0,0,0,,,
60,42,1,1,,147,2021-03-10,6.93,21440,2.772,,,
48,49,5,1,,147,2021-03-11,6.468,20010,2.5872,,,
97,51,1,1,,147,2021-03-12,13.60425,42088,5.4417,,,
78,56,5,1,,147,2021-03-13,12.012,37162,4.8048,,,
81,92,4,1,,147,2021-03-14,20.493,63400,8.1972,,,
79,42,3,1,,147,2021-03-15,9.1245,28229,3.6498,,,
66,35,4,1,,147,2021-03-16,6.3525,19653,2.541,,,
77,41,5,1,,147,2021-03-17,8.68175,26859,3.4727,,,
66,58,1,1,,147,2021-03-18,10.527,32568,4.2108,,,
53,74,1,1,,147,2021-03-19,10.7855,33368,4.3142,,,
80,81,1,1,,147,2021-03-20,17.82,55131,7.128,,,
97,70,5,1,,147,2021-03-21,18.6725,57768,7.469,,,
89,32,5,1,,147,2021-03-22,7.832,24230,3.1328,,,
48,33,2,1,,147,2021-03-23,4.356,13476,1.7424,,,
98,87,2,1,,147,2021-03-24,22.5,69609,9,,,
68,45,3,1,,148,2020-12-25,8.415,26034,3.366,,,
88,78,1,1,,148,2020-12-26,18.876,58398,7.5504,,,
40,82,2,1,,148,2020-12-27,9.02,27906,3.608,,,
42,59,5,1,,148,2020-12-28,6.8145,21082,2.7258,,,
87,43,1,1,,148,2020-12-29,10.28775,31828,4.1151,,,
45,75,3,1,,148,2020-12-30,9.28125,28714,3.7125,,,
53,88,2,1,,148,2020-12-31,12.826,39680,5.1304,,,
85,0,0,0,,148,2021-01-01,0,0,0,,,
46,38,1,1,,148,2021-01-02,4.807,14872,1.9228,,,
80,62,4,1,,148,2021-01-03,13.64,42199,5.456,,,
46,52,3,1,,148,2021-01-04,6.578,20351,2.6312,,,
92,28,2,1,,148,2021-01-05,7.084,21916,2.8336,,,
94,47,1,1,,148,2021-01-06,12.1495,37588,4.8598,,,
48,39,5,1,,148,2021-01-07,5.148,15927,2.0592,,,
46,69,3,1,,148,2021-01-08,8.7285,27004,3.4914,,,
77,58,3,1,,148,2021-01-09,12.2815,37996,4.9126,,,
46,63,5,1,,148,2021-01-10,7.9695,24656,3.1878,,,
42,66,4,1,,148,2021-01-11,7.623,23584,3.0492,,,
59,40,5,1,,148,2021-01-12,6.49,20078,2.596,,,
71,0,0,0,,148,2021-01-13,0,0,0,,,
77,51,3,1,,148,2021-01-14,10.79925,33410,4.3197,,,
71,48,2,1,,148,2021-01-15,9.372,28995,3.7488,,,
91,0,0,0,,148,2021-01-16,0,0,0,,,
44,65,2,1,,148,2021-01-17,7.865,24332,3.146,,,
53,63,5,1,,148,2021-01-18,9.18225,28408,3.6729,,,
95,88,3,1,,148,2021-01-19,22.5,69609,9,,,
66,61,3,1,,148,2021-01-20,11.0715,34252,4.4286,,,
79,56,5,1,,148,2021-01-21,12.166,37639,4.8664,,,
65,0,0,0,,148,2021-01-22,0,0,0,,,
68,76,2,1,,148,2021-01-23,14.212,43968,5.6848,,,
63,74,1,1,,148,2021-01-24,12.8205,39663,5.1282,,,
84,82,2,1,,148,2021-01-25,18.942,58602,7.5768,,,
73,83,2,1,,148,2021-01-26,16.66225,51549,6.6649,,,
56,53,2,1,,148,2021-01-27,8.162,25251,3.2648,,,
66,62,1,1,,148,2021-01-28,11.253,34814,4.5012,,,
89,67,4,1,,148,2021-01-29,16.39825,50732,6.5593,,,
98,75,3,1,,148,2021-01-30,20.2125,62532,8.085,,,
89,26,1,1,,148,2021-01-31,6.3635,19687,2.5454,,,
77,61,1,1,,148,2021-02-01,12.91675,39961,5.1667,,,
66,43,2,1,,148,2021-02-02,7.8045,24145,3.1218,,,
58,79,1,1,,148,2021-02-03,12.6005,38983,5.0402,,,
73,61,3,1,,148,2021-02-04,12.24575,37885,4.8983,,,
53,62,3,1,,148,2021-02-05,9.0365,27957,3.6146,,,
84,0,0,0,,148,2021-02-06,0,0,0,,,
69,71,4,1,,148,2021-02-07,13.47225,41680,5.3889,,,
42,47,3,1,,148,2021-02-08,5.4285,16794,2.1714,,,
86,50,5,1,,148,2021-02-09,11.825,36584,4.73,,,
57,54,5,1,,148,2021-02-10,8.4645,26187,3.3858,,,
77,32,4,1,,148,2021-02-11,6.776,20963,2.7104,,,
68,44,3,1,,148,2021-02-12,8.228,25455,3.2912,,,
68,68,3,1,,148,2021-02-13,12.716,39340,5.0864,,,
66,48,3,1,,148,2021-02-14,8.712,26953,3.4848,,,
61,0,0,0,,148,2021-02-15,0,0,0,,,
80,37,3,1,,148,2021-02-16,8.14,25183,3.256,,,
42,93,4,1,,148,2021-02-17,10.7415,33232,4.2966,,,
74,32,1,1,,148,2021-02-18,6.512,20147,2.6048,,,
91,45,2,1,,148,2021-02-19,11.26125,34839,4.5045,,,
63,47,3,1,,148,2021-02-20,8.14275,25192,3.2571,,,
90,54,3,1,,148,2021-02-21,13.365,41348,5.346,,,
50,36,1,1,,148,2021-02-22,4.95,15314,1.98,,,
55,0,0,0,,148,2021-02-23,0,0,0,,,
55,48,3,1,,148,2021-02-24,7.26,22461,2.904,,,
76,34,3,1,,148,2021-02-25,7.106,21984,2.8424,,,
94,0,0,0,,148,2021-02-26,0,0,0,,,
93,30,5,1,,148,2021-02-27,7.6725,23737,3.069,,,
91,74,3,1,,148,2021-02-28,18.5185,57292,7.4074,,,
57,37,3,1,,148,2021-03-01,5.79975,17943,2.3199,,,
59,69,2,1,,148,2021-03-02,11.19525,34635,4.4781,,,
96,45,3,1,,148,2021-03-03,11.88,36754,4.752,,,
86,45,4,1,,148,2021-03-04,10.6425,32925,4.257,,,
78,51,4,1,,148,2021-03-05,10.9395,33844,4.3758,,,
83,55,5,1,,148,2021-03-06,12.55375,38838,5.0215,,,
68,31,1,1,,148,2021-03-07,5.797,17934,2.3188,,,
97,82,4,1,,148,2021-03-08,21.8735,67671,8.7494,,,
85,26,3,1,,148,2021-03-09,6.0775,18802,2.431,,,
60,28,2,1,,148,2021-03-10,4.62,14293,1.848,,,
77,74,3,1,,148,2021-03-11,15.6695,48478,6.2678,,,
90,46,1,1,,148,2021-03-12,11.385,35222,4.554,,,
97,90,2,1,,148,2021-03-13,22.5,69609,9,,,
75,87,2,1,,148,2021-03-14,17.94375,55513,7.1775,,,
40,95,5,1,,148,2021-03-15,10.45,32330,4.18,,,
82,71,4,1,,148,2021-03-16,16.0105,49532,6.4042,,,
68,74,3,1,,148,2021-03-17,13.838,42811,5.5352,,,
45,63,3,1,,148,2021-03-18,7.79625,24120,3.1185,,,
85,80,2,1,,148,2021-03-19,18.7,57853,7.48,,,
96,51,5,1,,148,2021-03-20,13.464,41654,5.3856,,,
85,71,2,1,,148,2021-03-21,16.59625,51345,6.6385,,,
69,70,5,1,,148,2021-03-22,13.2825,41093,5.313,,,
56,43,1,1,,148,2021-03-23,6.622,20487,2.6488,,,
84,60,4,1,,148,2021-03-24,13.86,42879,5.544,,,
43,72,2,1,,149,2020-12-25,8.514,26340,3.4056,,,
91,76,2,1,,149,2020-12-26,19.019,58840,7.6076,,,
80,0,0,0,,149,2020-12-27,0,0,0,,,
94,72,2,1,,149,2020-12-28,18.612,57581,7.4448,,,
46,65,4,1,,149,2020-12-29,8.2225,25438,3.289,,,
76,0,0,0,,149,2020-12-30,0,0,0,,,
42,65,3,1,,149,2020-12-31,7.5075,23226,3.003,,,
75,36,2,1,,149,2021-01-01,7.425,22971,2.97,,,
62,31,4,1,,149,2021-01-02,5.2855,16352,2.1142,,,
78,0,0,0,,149,2021-01-03,0,0,0,,,
40,35,1,1,,149,2021-01-04,3.85,11911,1.54,,,
69,79,3,1,,149,2021-01-05,14.99025,46376,5.9961,,,
66,0,0,0,,149,2021-01-06,0,0,0,,,
88,43,1,1,,149,2021-01-07,10.406,32194,4.1624,,,
49,38,1,1,,149,2021-01-08,5.1205,15842,2.0482,,,
83,95,3,1,,149,2021-01-09,21.68375,67084,8.6735,,,
88,0,0,0,,149,2021-01-10,0,0,0,,,
84,0,0,0,,149,2021-01-11,0,0,0,,,
48,68,1,1,,149,2021-01-12,8.976,27770,3.5904,,,
95,52,3,1,,149,2021-01-13,13.585,42029,5.434,,,
41,80,1,1,,149,2021-01-14,9.02,27906,3.608,,,
47,29,4,1,,149,2021-01-15,3.74825,11596,1.4993,,,
70,57,3,1,,149,2021-01-16,10.9725,33946,4.389,,,
68,33,3,1,,149,2021-01-17,6.171,19092,2.4684,,,
86,0,0,0,,149,2021-01-18,0,0,0,,,
57,68,5,1,,149,2021-01-19,10.659,32976,4.2636,,,
82,92,2,1,,149,2021-01-20,20.746,64183,8.2984,,,
89,0,0,0,,149,2021-01-21,0,0,0,,,
61,87,1,1,,149,2021-01-22,14.59425,45151,5.8377,,,
78,0,0,0,,149,2021-01-23,0,0,0,,,
74,81,5,1,,149,2021-01-24,16.4835,50996,6.5934,,,
70,26,2,1,,149,2021-01-25,5.005,15484,2.002,,,
44,70,1,1,,149,2021-01-26,8.47,26204,3.388,,,
92,0,0,0,,149,2021-01-27,0,0,0,,,
88,84,3,1,,149,2021-01-28,20.328,62890,8.1312,,,
55,58,4,1,,149,2021-01-29,8.7725,27140,3.509,,,
46,68,2,1,,149,2021-01-30,8.602,26612,3.4408,,,
89,56,3,1,,149,2021-01-31,13.706,42403,5.4824,,,
70,47,5,1,,149,2021-02-01,9.0475,27991,3.619,,,
56,45,3,1,,149,2021-02-02,6.93,21440,2.772,,,
91,36,2,1,,149,2021-02-03,9.009,27872,3.6036,,,
66,85,4,1,,149,2021-02-04,15.4275,47729,6.171,,,
45,35,4,1,,149,2021-02-05,4.33125,13400,1.7325,,,
97,49,3,1,,149,2021-02-06,13.07075,40438,5.2283,,,
73,37,4,1,,149,2021-02-07,7.42775,22980,2.9711,,,
70,44,1,1,,149,2021-02-08,8.47,26204,3.388,,,
97,33,5,1,,149,2021-02-09,8.80275,27234,3.5211,,,
86,45,4,1,,149,2021-02-10,10.6425,32925,4.257,,,
57,59,3,1,,149,2021-02-11,9.24825,28612,3.6993,,,
66,67,1,1,,149,2021-02-12,12.1605,37622,4.8642,,,
44,47,4,1,,149,2021-02-13,5.687,17594,2.2748,,,
73,84,2,1,,149,2021-02-14,16.863,52170,6.7452,,,
52,41,3,1,,149,2021-02-15,5.863,18139,2.3452,,,
49,63,4,1,,149,2021-02-16,8.48925,26264,3.3957,,,
57,29,3,1,,149,2021-02-17,4.54575,14063,1.8183,,,
90,72,5,1,,149,2021-02-18,17.82,55131,7.128,,,
85,0,0,0,,149,2021-02-19,0,0,0,,,
77,0,0,0,,149,2021-02-20,0,0,0,,,
40,72,1,1,,149,2021-02-21,7.92,24503,3.168,,,
49,68,4,1,,149,2021-02-22,9.163,28348,3.6652,,,
69,0,0,0,,149,2021-02-23,0,0,0,,,
95,42,5,1,,149,2021-02-24,10.9725,33946,4.389,,,
47,82,4,1,,149,2021-02-25,10.5985,32789,4.2394,,,
88,87,1,1,,149,2021-02-26,21.054,65136,8.4216,,,
91,88,4,1,,149,2021-02-27,22.022,68131,8.8088,,,
97,26,5,1,,149,2021-02-28,6.9355,21457,2.7742,,,
67,55,1,1,,149,2021-03-01,10.13375,31351,4.0535,,,
40,31,2,1,,149,2021-03-02,3.41,10550,1.364,,,
88,31,5,1,,149,2021-03-03,7.502,23209,3.0008,,,
48,80,5,1,,149,2021-03-04,10.56,32670,4.224,,,
40,37,3,1,,149,2021-03-05,4.07,12592,1.628,,,
66,57,5,1,,149,2021-03-06,10.3455,32006,4.1382,,,
79,34,4,1,,149,2021-03-07,7.3865,22852,2.9546,,,
98,0,0,0,,149,2021-03-08,0,0,0,,,
47,30,1,1,,149,2021-03-09,3.8775,11996,1.551,,,
75,0,0,0,,149,2021-03-10,0,0,0,,,
76,81,5,1,,149,2021-03-11,16.929,52374,6.7716,,,
83,66,2,1,,149,2021-03-12,15.0645,46606,6.0258,,,
80,0,0,0,,149,2021-03-13,0,0,0,,,
97,40,3,1,,149,2021-03-14,10.67,33010,4.268,,,
92,44,2,1,,149,2021-03-15,11.132,34440,4.4528,,,
90,74,4,1,,149,2021-03-16,18.315,56662,7.326,,,
53,58,1,1,,149,2021-03-17,8.4535,26153,3.3814,,,
45,39,1,1,,149,2021-03-18,4.82625,14931,1.9305,,,
70,38,1,1,,149,2021-03-19,7.315,22631,2.926,,,
93,48,1,1,,149,2021-03-20,12.276,37979,4.9104,,,
57,27,2,1,,149,2021-03-21,4.23225,13094,1.6929,,,
65,0,0,0,,149,2021-03-22,0,0,0,,,
90,72,3,1,,149,2021-03-23,17.82,55131,7.128,,,
54,65,3,1,,149,2021-03-24,9.6525,29862,3.861,,,
72,48,4,1,,150,2020-12-25,9.504,29403,3.8016,,,
60,51,4,1,,150,2020-12-26,8.415,26034,3.366,,,
47,92,4,1,,150,2020-12-27,11.891,36788,4.7564,,,
69,94,4,1,,150,2020-12-28,17.8365,55182,7.1346,,,
78,43,3,1,,150,2020-12-29,9.2235,28535,3.6894,,,
85,50,3,1,,150,2020-12-30,11.6875,36158,4.675,,,
49,67,1,1,,150,2020-12-31,9.02825,27931,3.6113,,,
65,93,3,1,,150,2021-01-01,16.62375,51430,6.6495,,,
91,29,3,1,,150,2021-01-02,7.25725,22452,2.9029,,,
97,34,1,1,,150,2021-01-03,9.0695,28059,3.6278,,,
96,38,5,1,,150,2021-01-04,10.032,31037,4.0128,,,
83,34,3,1,,150,2021-01-05,7.7605,24009,3.1042,,,
52,27,1,1,,150,2021-01-06,3.861,11945,1.5444,,,
85,34,1,1,,150,2021-01-07,7.9475,24588,3.179,,,
93,61,2,1,,150,2021-01-08,15.60075,48265,6.2403,,,
55,30,2,1,,150,2021-01-09,4.5375,14038,1.815,,,
96,39,1,1,,150,2021-01-10,10.296,31853,4.1184,,,
71,80,5,1,,150,2021-01-11,15.62,48324,6.248,,,
46,95,3,1,,150,2021-01-12,12.0175,37179,4.807,,,
43,94,4,1,,150,2021-01-13,11.1155,34389,4.4462,,,
87,52,5,1,,150,2021-01-14,12.441,38489,4.9764,,,
72,25,3,1,,150,2021-01-15,4.95,15314,1.98,,,
55,34,3,1,,150,2021-01-16,5.1425,15910,2.057,,,
48,27,4,1,,150,2021-01-17,3.564,11026,1.4256,,,
47,53,4,1,,150,2021-01-18,6.85025,21193,2.7401,,,
58,44,3,1,,150,2021-01-19,7.018,21712,2.8072,,,
86,90,4,1,,150,2021-01-20,21.285,65850,8.514,,,
86,35,4,1,,150,2021-01-21,8.2775,25609,3.311,,,
62,42,5,1,,150,2021-01-22,7.161,22154,2.8644,,,
93,74,3,1,,150,2021-01-23,18.9255,58551,7.5702,,,
93,28,4,1,,150,2021-01-24,7.161,22154,2.8644,,,
81,93,4,1,,150,2021-01-25,20.71575,64089,8.2863,,,
96,35,1,1,,150,2021-01-26,9.24,28586,3.696,,,
57,0,0,0,,150,2021-01-27,0,0,0,,,
70,47,1,1,,150,2021-01-28,9.0475,27991,3.619,,,
83,46,3,1,,150,2021-01-29,10.4995,32483,4.1998,,,
91,70,2,1,,150,2021-01-30,17.5175,54195,7.007,,,
55,46,4,1,,150,2021-01-31,6.9575,21525,2.783,,,
73,58,3,1,,150,2021-02-01,11.6435,36022,4.6574,,,
69,48,4,1,,150,2021-02-02,9.108,28178,3.6432,,,
57,41,3,1,,150,2021-02-03,6.42675,19883,2.5707,,,
97,0,0,0,,150,2021-02-04,0,0,0,,,
81,64,5,1,,150,2021-02-05,14.256,44105,5.7024,,,
82,49,2,1,,150,2021-02-06,11.0495,34184,4.4198,,,
63,49,5,1,,150,2021-02-07,8.48925,26264,3.3957,,,
50,68,3,1,,150,2021-02-08,9.35,28927,3.74,,,
65,91,3,1,,150,2021-02-09,16.26625,50324,6.5065,,,
60,89,3,1,,150,2021-02-10,14.685,45432,5.874,,,
60,61,1,1,,150,2021-02-11,10.065,31139,4.026,,,
52,36,1,1,,150,2021-02-12,5.148,15927,2.0592,,,
42,81,3,1,,150,2021-02-13,9.3555,28944,3.7422,,,
79,49,4,1,,150,2021-02-14,10.64525,32934,4.2581,,,
54,35,5,1,,150,2021-02-15,5.1975,16080,2.079,,,
45,57,4,1,,150,2021-02-16,7.05375,21823,2.8215,,,
92,77,5,1,,150,2021-02-17,19.481,60269,7.7924,,,
67,64,1,1,,150,2021-02-18,11.792,36482,4.7168,,,
73,74,4,1,,150,2021-02-19,14.8555,45959,5.9422,,,
41,34,3,1,,150,2021-02-20,3.8335,11860,1.5334,,,
64,48,5,1,,150,2021-02-21,8.448,26136,3.3792,,,
77,79,2,1,,150,2021-02-22,16.72825,51753,6.6913,,,
74,51,3,1,,150,2021-02-23,10.3785,32108,4.1514,,,
44,0,0,0,,150,2021-02-24,0,0,0,,,
88,56,3,1,,150,2021-02-25,13.552,41927,5.4208,,,
50,28,3,1,,150,2021-02-26,3.85,11911,1.54,,,
43,0,0,0,,150,2021-02-27,0,0,0,,,
78,59,2,1,,150,2021-02-28,12.6555,39153,5.0622,,,
90,55,2,1,,150,2021-03-01,13.6125,42114,5.445,,,
56,94,5,1,,150,2021-03-02,14.476,44785,5.7904,,,
55,77,1,1,,150,2021-03-03,11.64625,36031,4.6585,,,
86,58,3,1,,150,2021-03-04,13.717,42437,5.4868,,,
85,38,2,1,,150,2021-03-05,8.8825,27480,3.553,,,
83,59,4,1,,150,2021-03-06,13.46675,41663,5.3867,,,
75,67,2,1,,150,2021-03-07,13.81875,42752,5.5275,,,
71,73,2,1,,150,2021-03-08,14.25325,44096,5.7013,,,
67,91,2,1,,150,2021-03-09,16.76675,51872,6.7067,,,
57,74,4,1,,150,2021-03-10,11.5995,35886,4.6398,,,
84,33,2,1,,150,2021-03-11,7.623,23584,3.0492,,,
87,0,0,0,,150,2021-03-12,0,0,0,,,
87,51,1,1,,150,2021-03-13,12.20175,37749,4.8807,,,
78,84,1,1,,150,2021-03-14,18.018,55743,7.2072,,,
79,48,4,1,,150,2021-03-15,10.428,32262,4.1712,,,
59,0,0,0,,150,2021-03-16,0,0,0,,,
80,94,2,1,,150,2021-03-17,20.68,63979,8.272,,,
51,85,4,1,,150,2021-03-18,11.92125,36881,4.7685,,,
43,70,1,1,,150,2021-03-19,8.2775,25609,3.311,,,
92,94,1,1,,150,2021-03-20,22.5,69609,9,,,
50,38,4,1,,150,2021-03-21,5.225,16165,2.09,,,
91,82,4,1,,150,2021-03-22,20.5205,63485,8.2082,,,
86,92,1,1,,150,2021-03-23,21.758,67314,8.7032,,,
80,71,5,1,,150,2021-03-24,15.62,48324,6.248,,,
